state_ut,year,death_remanded,death_not_remanded,ssc,dgp_tenure,o_tenure,invest_law,peb,district_pca,state_pca,t,type,sc_order1,committee1,gdp,religion2,head_trans_n,p_dist,head_trans,pop,SHRC,party_match,party_match_2006,literacy,media_women,media_men,pca_bind,media_women_0,pca_ind,ngo,event,l.event
ANDHRA PRADESH,2001,5,8,0,0,0,0,0,0,0,0,0,0,0,156711,1,9,22,0.409090909,76210007,0,0,0,60.5,76.3,NA,0,76,0,0.01399177,12,9
ANDHRA PRADESH,2002,1,6,0,0,0,0,0,0,0,0,0,0,0,167096,1,1,22,0.045454545,76210007,0,0,0,60.5,76.3,NA,0,76,0,0.01399177,6,12
ANDHRA PRADESH,2003,0,6,0,0,0,0,0,0,0,0,0,0,0,190017,1,9,22,0.409090909,76210007,0,0,0,60.5,76.3,NA,0,76,0,0.01399177,22,6
ANDHRA PRADESH,2004,11,3,0,0,0,0,0,0,0,0,0,0,0,134767,1,7,22,0.318181818,76210007,0,1,1,60.5,76.3,NA,0,76,0,0.01399177,1,22
ANDHRA PRADESH,2005,42,11,0,0,0,0,0,0,0,0,0,0,0,147606,1,7,22,0.318181818,76210007,0,1,1,60.5,81.9,91.6,0,82,0,0.01399177,5,1
ANDHRA PRADESH,2006,17,11,0,0,0,0,0,0,0,0,0,1,0,174064,1,NA,22,NA,76210007,1,1,1,60.5,81.9,NA,0,82,0,0.01399177,2,5
ANDHRA PRADESH,2007,18,5,0,0,1,1,1,0,0,0,0,1,0,212361,1,9,22,0.409090909,76210007,1,1,1,60.5,81.9,NA,0,82,0,0.01399177,3,2
ANDHRA PRADESH,2008,10,7,0,0,1,1,1,0,0,0,0,1,1,237383,1,13,22,0.590909091,76210007,1,1,1,60.5,81.9,NA,0,82,0,0.01399177,10,3
ANDHRA PRADESH,2009,4,2,0,0,1,1,1,0,0,0,0,1,1,273327,1,8,22,0.363636364,76210007,1,1,1,60.5,81.9,NA,0,82,0,0.01399177,9,10
ANDHRA PRADESH,2010,5,4,0,0,1,1,1,0,0,0,0,1,1,319864,1,10,22,0.454545455,76210007,1,1,1,60.5,81.9,NA,0,82,0,0.01399177,27,9
ANDHRA PRADESH,2011,11,6,0,0,1,1,1,0,0,0,0,1,1,362245,1,10,22,0.454545455,76210007,1,1,1,67,81.9,NA,0,82,0,0.01399177,21,27
ANDHRA PRADESH,2012,5,6,0,0,1,1,1,0,0,0,0,1,1,410068,1,8,22,0.363636364,76210007,1,1,1,67,81.9,NA,0,82,0,0.010464058,5,21
ANDHRA PRADESH,2013,3,3,1,0,1,1,1,1,1,1,go,1,1,464184,1,9,22,0.409090909,76210007,1,1,1,67,81.9,NA,1,82,1,0.010464058,9,5
ANDHRA PRADESH,2014,16,2,1,1,1,1,1,1,1,0,go,1,1,524976,1,8,12,0.666666667,76210007,1,0,0,67,81.9,NA,1,82,1,0.010464058,25,9
ANDHRA PRADESH,2015,3,5,1,1,1,1,1,1,1,0,go,1,1,604229,1,2,12,0.166666667,76210007,1,0,0,67,93,96,1,93,1,0.010464058,20,25
ANDHRA PRADESH,2016,6,0,1,1,1,1,1,1,1,0,go,1,1,697508,1,6,12,0.5,NA,1,0,0,67,93,96,1,93,1,0.010464058,14,20
ARUNACHAL PRADESH ,2001,0,0,0,0,0,0,0,0,0,0,0,0,0,2104,1,13,10,1.3,1097968,0,0,1,54.3,63.3,NA,0,63,0,0.121212121,NA,0
ARUNACHAL PRADESH ,2002,0,0,0,0,0,0,0,0,0,0,0,0,0,2071,1,15,13,1.153846154,1097968,0,0,1,54.3,63.3,NA,0,63,0,0.121212121,NA,0
ARUNACHAL PRADESH ,2003,1,1,0,0,0,0,0,0,0,0,0,0,0,2368,1,15,12,1.25,1097968,0,0,1,54.3,63.3,NA,0,63,0,0.121212121,NA,0
ARUNACHAL PRADESH ,2004,2,0,0,0,0,0,0,0,0,0,0,0,0,3488,1,1,11,0.090909091,1097968,0,1,1,54.3,63.3,NA,0,63,0,0.121212121,NA,0
ARUNACHAL PRADESH ,2005,0,0,0,0,0,0,0,0,0,0,0,0,0,3755,1,8,11,0.727272727,1097968,0,1,1,54.3,64.6,72.5,0,65,0,0.121212121,NA,0
ARUNACHAL PRADESH ,2006,0,0,0,1,1,0,1,0,0,0,0,1,0,4108,1,4,11,0.363636364,1097968,0,1,1,54.3,64.6,NA,0,65,0,0.121212121,NA,0
ARUNACHAL PRADESH ,2007,0,0,1,1,1,1,1,0,1,1,go,1,0,4810,1,3,11,0.272727273,1097968,0,1,1,54.3,64.6,NA,1,65,1,0.121212121,NA,0
ARUNACHAL PRADESH ,2008,3,0,1,1,1,1,1,0,1,0,go,1,1,5687,1,7,11,0.636363636,1097968,0,1,1,54.3,64.6,NA,1,65,1,0.121212121,1,0
ARUNACHAL PRADESH ,2009,0,0,1,1,1,1,1,0,1,0,go,1,1,7474,1,1,11,0.090909091,1097968,0,1,1,54.3,64.6,NA,1,65,1,0.121212121,1,1
ARUNACHAL PRADESH ,2010,1,0,1,1,1,1,1,0,1,0,go,1,1,9021,1,0,11,0,1097968,0,1,1,54.3,64.6,NA,1,65,1,0.121212121,1,1
ARUNACHAL PRADESH ,2011,1,0,1,1,1,1,1,0,1,0,go,1,1,10775,0,5,11,0.454545455,1097968,0,1,1,65.4,64.6,NA,1,65,1,0.121212121,1,1
ARUNACHAL PRADESH ,2012,2,0,1,1,1,1,1,0,1,0,go,1,1,11836,0,11,11,1,1097968,0,1,1,65.4,64.6,NA,1,65,1,0,1,1
ARUNACHAL PRADESH ,2013,2,0,1,1,1,1,1,0,1,0,go,1,1,13545,0,18,11,1.636363636,1097968,0,1,1,65.4,64.6,NA,1,65,1,0,NA,0
ARUNACHAL PRADESH ,2014,0,1,1,1,1,1,1,0,1,0,go,1,1,17959,0,9,11,0.818181818,1097968,0,0,1,65.4,64.6,NA,1,65,1,0,3,1
ARUNACHAL PRADESH ,2015,1,0,1,1,1,1,1,0,1,0,go,1,1,18509,0,10,11,0.909090909,1097968,0,0,1,65.4,70,80,1,70,1,0,4,3
ARUNACHAL PRADESH ,2016,0,0,1,1,1,1,1,0,1,0,go,1,1,19627,0,7,11,0.636363636,NA,0,0,1,65.4,70,80,1,70,1,0,5,4
ASSAM,2001,1,2,0,0,0,0,0,0,0,0,0,0,0,38313,1,20,27,0.740740741,26655528,1,0,1,63.3,52.6,NA,0,53,0,0.022660099,16,25
ASSAM,2002,9,0,0,0,0,0,0,0,0,0,0,0,0,43407,1,11,27,0.407407407,26655528,1,0,1,63.3,52.6,NA,0,53,0,0.022660099,7,16
ASSAM,2003,0,0,0,0,0,0,0,0,0,0,0,0,0,47305,1,12,27,0.444444444,26655528,1,0,1,63.3,52.6,NA,0,53,0,0.022660099,13,7
ASSAM,2004,0,0,0,0,0,0,0,0,0,0,0,0,0,53398,1,4,27,0.148148148,26655528,1,1,1,63.3,52.6,NA,0,53,0,0.022660099,19,13
ASSAM,2005,0,0,0,0,0,0,0,0,0,0,0,0,0,59385,1,12,27,0.444444444,26655528,1,1,1,63.3,61.4,77.9,0,61,0,0.022660099,28,19
ASSAM,2006,0,0,0,0,0,0,0,0,0,0,0,1,0,64692,1,13,27,0.481481481,26655528,1,1,1,63.3,61.4,NA,0,61,0,0.022660099,38,28
ASSAM,2007,3,0,1,1,1,1,1,1,1,1,act,1,0,71076,1,7,27,0.259259259,26655528,1,1,1,63.3,61.4,NA,1,61,0,0.022660099,57,38
ASSAM,2008,2,0,1,1,1,1,1,1,1,0,act,1,1,81074,1,5,27,0.185185185,26655528,1,1,1,63.3,61.4,NA,1,61,0,0.022660099,93,57
ASSAM,2009,7,0,1,1,1,1,1,1,1,0,act,1,1,95975,1,12,27,0.444444444,26655528,1,1,1,63.3,61.4,NA,1,61,0,0.022660099,108,93
ASSAM,2010,3,0,1,1,1,1,1,1,1,0,act,1,1,112688,1,24,27,0.888888889,26655528,1,1,1,63.3,61.4,NA,1,61,0,0.022660099,32,108
ASSAM,2011,0,0,1,1,1,1,1,1,1,0,act,1,1,125903,1,19,27,0.703703704,26655528,1,1,1,72.2,61.4,NA,1,61,0,0.022660099,50,32
ASSAM,2012,11,0,1,1,1,1,1,1,1,0,act,1,1,138401,1,13,27,0.481481481,26655528,1,1,1,72.2,61.4,NA,1,61,0,0.015212982,59,50
ASSAM,2013,4,0,1,1,1,1,1,1,1,0,act,1,1,159460,1,5,27,0.185185185,26655528,1,1,1,72.2,61.4,NA,1,61,0,0.015212982,102,59
ASSAM,2014,0,0,1,1,1,1,1,1,1,0,act,1,1,195723,1,11,27,0.407407407,26655528,1,0,1,72.2,61.4,NA,1,61,0,0.015212982,102,102
ASSAM,2015,6,1,1,1,1,1,1,1,1,0,act,1,1,227959,1,12,27,0.444444444,26655528,1,0,1,72.2,58,76,1,58,0,0.015212982,51,102
ASSAM,2016,2,0,1,1,1,1,1,1,1,0,act,1,1,254478,1,18,27,0.666666667,NA,1,1,0,72.2,58,76,1,58,0,0.015212982,59,51
BIHAR ,2001,0,0,0,0,0,0,0,0,0,0,0,0,0,57657,1,9,40,0.225,82998509,1,0,0,47,27.3,NA,0,27,0,0.020322355,9,10
BIHAR ,2002,0,0,0,0,0,0,0,0,0,0,0,0,0,64965,1,16,40,0.4,82998509,1,0,0,47,27.3,NA,0,27,0,0.020322355,1,9
BIHAR ,2003,2,0,0,0,0,0,0,0,0,0,0,0,0,66174,1,19,40,0.475,82998509,1,0,0,47,27.3,NA,0,27,0,0.020322355,8,1
BIHAR ,2004,0,1,0,0,0,0,0,0,0,0,0,0,0,77781,1,NA,40,NA,82998509,1,0,0,47,27.3,NA,0,27,0,0.020322355,3,8
BIHAR ,2005,0,0,0,0,0,0,0,0,0,0,0,0,0,82490,1,47,40,1.175,82998509,1,0,0,47,41.8,72.7,0,42,0,0.020322355,1,3
BIHAR ,2006,0,0,0,0,0,0,0,0,0,0,0,1,0,100737,1,NA,40,NA,82998509,1,0,0,47,41.8,NA,0,42,0,0.020322355,4,1
BIHAR ,2007,0,0,1,1,1,1,1,1,0,0,act,1,0,113680,1,NA,40,NA,82998509,1,0,0,47,41.8,NA,0,42,0,0.020322355,6,4
BIHAR ,2008,0,0,1,1,1,1,1,1,0,0,act,1,1,142279,1,17,40,0.425,82998509,1,0,0,47,41.8,NA,0,42,0,0.020322355,34,6
BIHAR ,2009,0,0,1,1,1,1,1,1,0,0,act,1,1,162923,1,15,40,0.375,82998509,1,0,0,47,41.8,NA,0,42,0,0.020322355,66,34
BIHAR ,2010,0,0,1,1,1,1,1,1,0,0,act,1,1,203555,1,19,40,0.475,82998509,1,0,0,47,41.8,NA,0,42,0,0.020322355,88,66
BIHAR ,2011,1,0,1,1,1,1,1,1,0,0,act,1,1,243269,1,17,40,0.425,82998509,1,0,0,61.8,41.8,NA,0,42,0,0.020322355,86,88
BIHAR ,2012,0,2,1,1,1,1,1,1,0,0,act,1,1,293616,1,12,40,0.3,82998509,1,0,0,61.8,41.8,NA,0,42,0,0.003238342,27,86
BIHAR ,2013,0,0,1,1,1,1,1,1,0,0,act,1,1,343663,1,17,40,0.425,82998509,1,0,0,61.8,41.8,NA,0,42,0,0.003238342,60,27
BIHAR ,2014,1,0,1,1,1,1,1,1,0,0,act,1,1,342951,1,28,40,0.7,82998509,1,1,0,61.8,41.8,NA,0,42,0,0.003238342,56,60
BIHAR ,2015,1,1,1,1,1,1,1,1,0,0,act,1,1,371602,1,32,40,0.8,82998509,1,0,0,61.8,40,68,0,40,0,0.003238342,46,56
BIHAR ,2016,1,1,1,1,1,1,1,1,0,0,act,1,1,422316,1,12,40,0.3,NA,1,0,0,61.8,40,68,0,40,0,0.003238342,71,46
CHHATTISGARH ,2001,7,1,0,0,0,0,0,0,0,0,0,0,0,29539,1,14,18,0.777777778,20833803,1,0,1,64.7,52.6,NA,0,53,0,0.012765957,NA,0
CHHATTISGARH ,2002,1,0,0,0,0,0,0,0,0,0,0,0,0,32493,1,12,18,0.666666667,20833803,1,0,1,64.7,52.6,NA,0,53,0,0.012765957,NA,0
CHHATTISGARH ,2003,1,1,0,0,0,0,0,0,0,0,0,0,0,38802,1,26,19,1.368421053,20833803,1,0,1,64.7,52.6,NA,0,53,0,0.012765957,1,1
CHHATTISGARH ,2004,1,1,0,0,0,0,0,0,0,0,0,0,0,47862,1,17,20,0.85,20833803,1,0,0,64.7,52.6,NA,0,53,0,0.012765957,1,1
CHHATTISGARH ,2005,0,0,0,0,0,0,0,0,0,0,0,0,0,53381,1,6,20,0.3,20833803,1,0,0,64.7,52.6,69.8,0,53,0,0.012765957,3,1
CHHATTISGARH ,2006,0,1,0,0,0,0,0,0,0,0,0,1,0,66875,1,14,20,0.7,20833803,1,0,0,64.7,52.6,NA,0,53,0,0.012765957,16,3
CHHATTISGARH ,2007,1,1,1,1,1,1,1,0,1,1,act,1,0,80255,1,7,20,0.35,20833803,1,0,0,64.7,52.6,NA,0,53,0,0.012765957,11,16
CHHATTISGARH ,2008,0,0,1,1,1,1,1,0,1,0,act,1,1,96972,1,9,20,0.45,20833803,1,0,0,64.7,52.6,NA,0,53,0,0.012765957,37,11
CHHATTISGARH ,2009,1,1,1,1,1,1,1,0,1,0,act,1,1,99364,1,21,20,1.05,20833803,1,0,0,64.7,52.6,NA,0,53,0,0.012765957,57,37
CHHATTISGARH ,2010,0,0,1,1,1,1,1,0,1,0,act,1,1,119420,1,21,20,1.05,20833803,1,0,0,64.7,52.6,NA,0,53,0,0.012765957,69,57
CHHATTISGARH ,2011,1,0,1,1,1,1,1,0,1,0,act,1,1,144112,1,20,20,1,20833803,1,0,0,70.3,52.6,NA,0,53,0,0.012765957,69,69
CHHATTISGARH ,2012,2,0,1,1,1,1,1,0,1,0,act,1,1,165641,1,14,20,0.7,20833803,1,0,0,70.3,52.6,NA,0,53,0,0.006046863,48,69
CHHATTISGARH ,2013,1,1,1,1,1,1,1,0,1,0,act,1,1,185682,1,29,20,1.45,20833803,1,0,0,70.3,52.6,NA,0,53,0,0.006046863,71,48
CHHATTISGARH ,2014,0,1,1,1,1,1,1,0,1,0,act,1,1,221118,1,8,20,0.4,20833803,1,1,0,70.3,52.6,NA,0,53,0,0.006046863,83,71
CHHATTISGARH ,2015,0,4,1,1,1,1,1,0,1,0,act,1,1,227383,1,8,20,0.4,20833803,1,1,0,70.3,80,85,0,80,0,0.006046863,180,83
CHHATTISGARH ,2016,1,3,1,1,1,1,1,0,1,0,act,1,1,254722,1,5,20,0.25,NA,1,1,0,70.3,80,85,0,80,0,0.006046863,180,180
GOA,2001,0,1,0,0,0,0,0,0,0,0,0,0,0,7097,1,0,2,0,1347668,0,1,0,82,88.4,NA,0,88,0,0,NA,0
GOA,2002,0,0,0,0,0,0,0,0,0,0,0,0,0,8100,1,0,2,0,1347668,0,1,0,82,88.4,NA,0,88,0,0,NA,0
GOA,2003,0,0,0,0,0,0,0,0,0,0,0,0,0,9301,1,0,2,0,1347668,0,1,0,82,88.4,NA,0,88,0,0,NA,0
GOA,2004,0,0,0,0,0,0,0,0,0,0,0,0,0,12713,1,0,2,0,1347668,0,0,0,82,88.4,NA,0,88,0,0,NA,0
GOA,2005,1,0,0,0,0,0,0,0,0,0,0,0,0,14327,1,0,2,0,1347668,0,1,1,82,92.4,94.4,0,92,0,0,NA,0
GOA,2006,0,0,1,0,0,1,0,0,0,0,0,1,0,16523,1,51,2,25.5,1347668,0,1,1,82,92.4,NA,0,92,0,0,NA,0
GOA,2007,0,0,1,0,0,1,1,0,1,1,go,1,0,19565,1,0,2,0,1347668,0,1,1,82,92.4,NA,1,92,1,0,NA,0
GOA,2008,0,0,1,0,0,1,1,0,1,0,go,1,1,25414,1,0,2,0,1347668,0,1,1,82,92.4,NA,1,92,1,0,NA,0
GOA,2009,0,0,1,0,0,1,1,0,1,0,go,1,1,29126,1,0,2,0,1347668,0,1,1,82,92.4,NA,1,92,1,0,1,1
GOA,2010,0,0,1,0,0,1,1,0,1,0,go,1,1,33605,1,0,2,0,1347668,0,1,1,82,92.4,NA,1,92,1,0,NA,0
GOA,2011,1,1,1,0,0,1,1,0,1,0,go,1,1,43255,1,2,2,1,1347668,1,1,1,88.7,92.4,NA,1,92,1,0,NA,0
GOA,2012,1,0,1,0,0,1,1,0,1,0,go,1,1,42407,1,2,2,1,1347668,1,0,0,88.7,92.4,NA,1,92,1,0.026595745,NA,0
GOA,2013,0,0,1,0,0,1,1,0,1,0,go,1,1,48897,1,0,2,0,1347668,1,0,0,88.7,92.4,NA,1,92,1,0.026595745,1,1
GOA,2014,0,0,1,0,0,1,1,0,1,0,go,1,1,47814,1,0,2,0,1347668,1,1,0,88.7,92.4,NA,1,92,1,0.026595745,NA,0
GOA,2015,1,0,1,0,0,1,1,0,1,0,go,1,1,55054,1,0,2,0,1347668,1,1,0,88.7,96,99,1,96,1,0.026595745,1,1
GOA,2016,0,1,1,0,0,1,1,0,1,0,go,1,1,63460,1,0,2,0,NA,1,1,0,88.7,96,99,1,96,1,0.026595745,NA,0
GUJARAT ,2001,4,3,0,0,0,0,0,0,0,0,0,0,0,123573,1,19,2,9.5,50671017,0,1,0,70,66.2,NA,0,66,0,0.015903614,NA,0
GUJARAT ,2002,3,2,0,0,0,0,0,0,0,0,0,0,0,141534,1,25,26,0.961538462,50671017,0,1,0,70,66.2,NA,0,66,0,0.015903614,6,1
GUJARAT ,2003,5,6,0,0,0,0,0,0,0,0,0,0,0,168080,1,26,26,1,50671017,0,1,0,70,66.2,NA,0,66,0,0.015903614,1,6
GUJARAT ,2004,5,7,0,0,0,0,0,0,0,0,0,0,0,203373,1,11,26,0.423076923,50671017,0,0,0,70,66.2,NA,0,66,0,0.015903614,NA,0
GUJARAT ,2005,10,10,0,0,0,0,0,0,0,0,0,0,0,244736,1,10,26,0.384615385,50671017,0,0,0,70,71.6,84.7,0,72,0,0.015903614,1,1
GUJARAT ,2006,1,7,0,0,0,0,0,0,0,0,0,1,0,283693,1,8,26,0.307692308,50671017,1,0,0,70,71.6,NA,0,72,0,0.015903614,1,1
GUJARAT ,2007,3,12,0,0,0,0,0,0,0,0,0,1,0,329285,1,16,26,0.615384615,50671017,1,0,0,70,71.6,NA,0,72,0,0.015903614,NA,0
GUJARAT ,2008,9,13,1,1,1,1,1,1,1,1,act,1,1,367912,1,16,26,0.615384615,50671017,1,0,0,70,71.6,NA,0,72,0,0.015903614,48,1
GUJARAT ,2009,2,4,1,1,1,1,1,1,1,0,act,1,1,431262,1,1,26,0.038461538,50671017,1,0,0,70,71.6,NA,0,72,0,0.015903614,2,48
GUJARAT ,2010,3,3,1,1,1,1,1,1,1,0,act,1,1,521519,1,0,26,0,50671017,1,0,0,70,71.6,NA,0,72,0,0.015903614,NA,0
GUJARAT ,2011,1,7,1,1,1,1,1,1,1,0,act,1,1,598786,1,16,26,0.615384615,50671017,1,0,0,78,71.6,NA,0,72,0,0.015903614,NA,0
GUJARAT ,2012,1,18,1,1,1,1,1,1,1,0,act,1,1,658540,1,21,26,0.807692308,50671017,1,0,0,78,71.6,NA,0,72,0,0.019545695,1,2
GUJARAT ,2013,0,13,1,1,1,1,1,1,1,0,act,1,1,765638,1,5,26,0.192307692,50671017,1,0,0,78,71.6,NA,0,72,0,0.019545695,2,1
GUJARAT ,2014,1,7,1,1,1,1,1,1,1,0,act,1,1,921773,1,10,26,0.384615385,50671017,1,1,0,78,71.6,NA,0,72,0,0.019545695,NA,0
GUJARAT ,2015,2,7,1,1,1,1,1,1,1,0,act,1,1,1029010,1,8,26,0.307692308,50671017,1,1,0,78,82,87,0,82,0,0.019545695,NA,0
GUJARAT ,2016,2,9,1,1,1,1,1,1,1,0,act,1,1,1153327,1,15,26,0.576923077,NA,1,1,0,78,82,87,0,82,0,0.019545695,2,2
HARYANA ,2001,1,0,0,0,0,0,0,0,0,0,0,0,0,65505,1,5,19,0.263157895,21144564,0,0,0,67.9,66.9,NA,0,67,0,0.011757426,NA,0
HARYANA ,2002,0,3,0,0,0,0,0,0,0,0,0,0,0,72528,1,12,19,0.631578947,21144564,0,0,0,67.9,66.9,NA,0,67,0,0.011757426,NA,0
HARYANA ,2003,0,1,0,0,0,0,0,0,0,0,0,0,0,82862,1,9,19,0.473684211,21144564,0,0,0,67.9,66.9,NA,0,67,0,0.011757426,NA,0
HARYANA ,2004,0,0,0,0,0,0,0,0,0,0,0,0,0,95795,1,9,19,0.473684211,21144564,0,0,0,67.9,66.9,NA,0,67,0,0.011757426,NA,0
HARYANA ,2005,0,0,0,0,0,0,0,0,0,0,0,0,0,108885,1,14,19,0.736842105,21144564,0,1,1,67.9,67.7,78.2,0,68,0,0.011757426,NA,0
HARYANA ,2006,0,1,0,0,0,0,0,0,0,0,0,1,0,128732,1,NA,19,NA,21144564,0,1,1,67.9,67.7,NA,0,68,0,0.011757426,NA,0
HARYANA ,2007,0,0,0,0,0,0,0,0,0,0,0,1,0,151596,1,NA,19,NA,21144564,0,1,1,67.9,67.7,NA,0,68,0,0.011757426,1,4
HARYANA ,2008,2,0,1,1,1,1,1,0,1,1,act,1,1,182522,1,NA,19,NA,21144564,0,1,1,67.9,67.7,NA,0,68,0,0.011757426,2,1
HARYANA ,2009,3,0,1,1,1,1,1,0,1,0,act,1,1,223600,1,11,19,0.578947368,21144564,0,1,1,67.9,67.7,NA,0,68,0,0.011757426,NA,0
HARYANA ,2010,0,0,1,1,1,1,1,0,1,0,act,1,1,260621,1,11,19,0.578947368,21144564,0,1,1,67.9,67.7,NA,0,68,0,0.011757426,NA,0
HARYANA ,2011,0,0,1,1,1,1,1,0,1,0,act,1,1,298688,1,0,19,0,21144564,0,1,1,75.6,67.7,NA,0,68,0,0.011757426,NA,0
HARYANA ,2012,1,0,1,1,1,1,1,0,1,0,act,1,1,341351,1,23,19,1.210526316,21144564,1,1,1,75.6,67.7,NA,0,68,0,0.003882418,1,2
HARYANA ,2013,0,1,1,1,1,1,1,0,1,0,act,1,1,388917,1,14,19,0.736842105,21144564,1,1,1,75.6,67.7,NA,0,68,0,0.003882418,1,1
HARYANA ,2014,0,2,1,1,1,1,1,0,1,0,act,1,1,437145,1,28,19,1.473684211,21144564,1,1,0,75.6,67.7,NA,0,68,0,0.003882418,1,1
HARYANA ,2015,1,2,1,1,1,1,1,0,1,0,act,1,1,495249,1,17,19,0.894736842,21144564,1,1,0,75.6,67.7,NA,0,68,0,0.003882418,NA,0
HARYANA ,2016,2,1,1,1,1,1,1,0,1,0,act,1,1,556325,1,15,19,0.789473684,NA,1,1,0,75.6,67.7,NA,0,68,0,0.003882418,4,1
HIMACHAL PRADESH ,2001,1,0,0,0,0,0,0,0,0,0,0,0,0,17148,1,6,12,0.5,6077900,1,1,0,76.5,83.7,NA,0,84,0,0.008017493,NA,0
HIMACHAL PRADESH ,2002,0,0,0,0,0,0,0,0,0,0,0,0,0,18905,1,5,12,0.416666667,6077900,1,1,0,76.5,83.7,NA,0,84,0,0.008017493,NA,0
HIMACHAL PRADESH ,2003,0,0,0,0,0,0,0,0,0,0,0,0,0,20721,1,10,12,0.833333333,6077900,1,0,1,76.5,83.7,NA,0,84,0,0.008017493,NA,0
HIMACHAL PRADESH ,2004,4,0,0,0,0,0,0,0,0,0,0,0,0,24077,1,6,12,0.5,6077900,1,1,1,76.5,83.7,NA,0,84,0,0.008017493,NA,0
HIMACHAL PRADESH ,2005,0,0,0,0,0,0,0,0,0,0,0,0,0,27127,1,0,12,0,6077900,1,1,1,76.5,78.7,93,0,79,0,0.008017493,NA,0
HIMACHAL PRADESH ,2006,0,0,0,0,0,0,0,0,0,0,0,1,0,30274,1,5,12,0.416666667,6077900,1,1,1,76.5,78.7,NA,0,79,0,0.008017493,NA,0
HIMACHAL PRADESH ,2007,0,0,1,1,1,1,1,1,0,0,act,1,0,33963,1,5,12,0.416666667,6077900,1,0,0,76.5,78.7,NA,0,79,0,0.008017493,NA,0
HIMACHAL PRADESH ,2008,0,0,1,1,1,1,1,1,0,0,act,1,1,41483,1,7,12,0.583333333,6077900,1,0,0,76.5,78.7,NA,0,79,0,0.008017493,NA,0
HIMACHAL PRADESH ,2009,1,0,1,1,1,1,1,1,0,0,act,1,1,48189,1,8,12,0.666666667,6077900,1,0,0,76.5,78.7,NA,0,79,0,0.008017493,NA,0
HIMACHAL PRADESH ,2010,1,0,1,1,1,1,1,1,0,0,act,1,1,57452,1,9,12,0.75,6077900,1,0,0,76.5,78.7,NA,0,79,0,0.008017493,NA,0
HIMACHAL PRADESH ,2011,2,0,1,1,1,1,1,1,0,0,act,1,1,64957,1,2,12,0.166666667,6077900,1,0,0,82.8,78.7,NA,0,79,0,0.008017493,NA,0
HIMACHAL PRADESH ,2012,1,0,1,1,1,1,1,1,0,0,act,1,1,73710,1,11,12,0.916666667,6077900,1,1,1,82.8,78.7,NA,0,79,0,0.00203252,NA,0
HIMACHAL PRADESH ,2013,1,0,1,1,1,1,1,1,0,0,act,1,1,82585,1,10,12,0.833333333,6077900,1,1,1,82.8,78.7,NA,0,79,0,0.00203252,NA,0
HIMACHAL PRADESH ,2014,0,0,1,1,1,1,1,1,0,0,act,1,1,103772,1,10,12,0.833333333,6077900,1,0,1,82.8,78.7,NA,0,79,0,0.00203252,NA,0
HIMACHAL PRADESH ,2015,1,0,1,1,1,1,1,1,0,0,act,1,1,114239,1,7,12,0.583333333,6077900,1,0,1,82.8,90,96,0,90,0,0.00203252,NA,0
HIMACHAL PRADESH ,2016,1,0,1,1,1,1,1,1,0,0,act,1,1,125634,1,7,12,0.583333333,NA,1,0,1,82.8,90,96,0,90,0,0.00203252,1,2
JAMMU & KASHMIR ,2001,0,0,0,0,0,0,0,0,0,0,0,0,0,18039,0,34,20,1.7,10143700,1,0,0,55.5,74.4,NA,0,74,0,0.015602837,168,83
JAMMU & KASHMIR ,2002,0,0,0,0,0,0,0,0,0,0,0,0,0,20326,0,33,20,1.65,10143700,1,0,0,55.5,74.4,NA,0,74,0,0.015602837,130,168
JAMMU & KASHMIR ,2003,0,0,0,0,0,0,0,0,0,0,0,0,0,22194,0,26,20,1.3,10143700,1,0,0,55.5,74.4,NA,0,74,0,0.015602837,120,130
JAMMU & KASHMIR ,2004,0,0,0,0,0,0,0,0,0,0,0,0,0,27305,0,7,20,0.35,10143700,1,1,1,55.5,74.4,NA,0,74,0,0.015602837,73,120
JAMMU & KASHMIR ,2005,0,1,0,0,0,0,0,0,0,0,0,0,0,29920,0,13,20,0.65,10143700,1,1,1,55.5,82.4,87.2,0,82,0,0.015602837,89,73
JAMMU & KASHMIR ,2006,1,0,0,0,0,0,0,0,0,0,0,1,0,33230,0,11,20,0.55,10143700,1,1,1,55.5,82.4,NA,0,82,0,0.015602837,78,89
JAMMU & KASHMIR ,2007,3,1,0,0,0,1,1,0,0,0,0,1,0,37099,0,6,20,0.3,10143700,1,1,1,55.5,82.4,NA,0,82,0,0.015602837,36,78
JAMMU & KASHMIR ,2008,0,1,0,0,0,1,1,0,0,0,0,1,1,42315,0,0,20,NA,10143700,1,1,1,55.5,82.4,NA,0,82,0,0.015602837,52,36
JAMMU & KASHMIR ,2009,0,0,0,0,0,1,1,0,0,0,0,1,1,48385,0,17,20,0.85,10143700,1,1,1,55.5,82.4,NA,0,82,0,0.015602837,24,52
JAMMU & KASHMIR ,2010,0,2,0,0,0,1,1,0,0,0,0,1,1,58073,0,4,20,0.2,10143700,1,1,1,55.5,82.4,NA,0,82,0,0.015602837,13,24
JAMMU & KASHMIR ,2011,1,0,0,0,0,1,1,0,0,0,0,1,1,68185,0,13,20,0.65,10143700,1,1,1,67.2,82.4,NA,0,82,0,0.015602837,38,13
JAMMU & KASHMIR ,2012,0,1,0,0,0,1,1,0,0,0,0,1,1,77558,0,10,20,0.5,10143700,1,1,1,67.2,82.4,NA,0,82,0,0.004166667,66,38
JAMMU & KASHMIR ,2013,0,0,0,0,0,1,1,0,0,0,0,1,1,87319,0,4,20,0.2,10143700,1,1,1,67.2,82.4,NA,0,82,0,0.004166667,78,66
JAMMU & KASHMIR ,2014,0,0,0,0,0,1,1,0,0,0,0,1,1,98370,0,8,20,0.4,10143700,1,1,0,67.2,82.4,NA,0,82,0,0.004166667,125,78
JAMMU & KASHMIR ,2015,0,0,0,0,0,1,1,0,0,0,0,1,1,117168,0,17,20,0.85,10143700,1,1,0,67.2,79,90,0,79,0,0.004166667,109,125
JAMMU & KASHMIR ,2016,0,0,0,0,0,1,1,0,0,0,0,1,1,125379,0,9,20,0.45,NA,1,1,0,67.2,79,90,0,79,0,0.004166667,204,109
JHARKHAND,2001,0,0,0,0,0,0,0,0,0,0,0,0,0,35069,1,2,22,0.090909091,26945829,0,1,0,53.6,40,NA,0,40,0,0.018398268,1,2
JHARKHAND,2002,0,0,0,0,0,0,0,0,0,0,0,0,0,37967,1,8,22,0.363636364,26945829,0,1,0,53.6,40,NA,0,40,0,0.018398268,6,1
JHARKHAND,2003,0,0,0,0,0,0,0,0,0,0,0,0,0,42449,1,12,21,0.571428571,26945829,0,1,0,53.6,40,NA,0,40,0,0.018398268,3,6
JHARKHAND,2004,0,0,0,0,0,0,0,0,0,0,0,0,0,59758,1,13,22,0.590909091,26945829,0,0,0,53.6,40,NA,0,40,0,0.018398268,3,3
JHARKHAND,2005,0,0,0,0,0,0,0,0,0,0,0,0,0,60901,1,17,22,0.772727273,26945829,0,0,0,53.6,40,59.8,0,40,0,0.018398268,2,3
JHARKHAND,2006,0,0,1,0,0,1,0,0,0,0,0,1,0,66935,1,10,22,0.454545455,26945829,0,0,0,53.6,40,NA,0,40,0,0.018398268,9,2
JHARKHAND,2007,0,0,1,0,1,1,1,1,1,1,go,1,0,83950,1,23,22,1.045454545,26945829,0,0,0,53.6,40,NA,0,40,0,0.018398268,6,9
JHARKHAND,2008,0,0,1,0,1,1,1,1,1,0,go,1,1,87794,1,3,22,0.136363636,26945829,0,0,0,53.6,40,NA,0,40,0,0.018398268,50,6
JHARKHAND,2009,0,0,1,0,1,1,1,1,1,0,go,1,1,100621,1,17,22,0.772727273,26945829,0,0,0,53.6,40,NA,0,40,0,0.018398268,100,50
JHARKHAND,2010,0,0,1,0,1,1,1,1,1,0,go,1,1,127281,1,12,22,0.545454545,26945829,1,0,0,53.6,40,NA,0,40,0,0.018398268,90,100
JHARKHAND,2011,1,0,1,0,1,1,1,1,1,0,go,1,1,135618,1,14,22,0.636363636,26945829,1,0,0,66.4,40,NA,0,40,0,0.018398268,117,90
JHARKHAND,2012,2,0,1,0,1,1,1,1,1,0,go,1,1,151655,1,5,22,0.227272727,26945829,1,0,0,66.4,40,NA,0,40,0,0.003516999,51,117
JHARKHAND,2013,0,0,1,0,1,1,1,1,1,0,go,1,1,172773,1,25,22,1.136363636,26945829,1,0,0,66.4,40,NA,0,40,0,0.003516999,59,51
JHARKHAND,2014,1,1,1,0,1,1,1,1,1,0,go,1,1,218525,1,22,22,1,26945829,1,1,0,66.4,40,NA,0,40,0,0.003516999,120,59
JHARKHAND,2015,0,2,1,0,1,1,1,1,1,0,go,1,1,206613,1,17,22,0.772727273,26945829,1,1,0,66.4,49,65,0,49,0,0.003516999,77,120
JHARKHAND,2016,1,1,1,0,1,1,1,1,1,0,go,1,1,236250,1,6,22,0.272727273,NA,1,1,0,66.4,49,65,0,49,0,0.003516999,96,77
KARNATAKA ,2001,0,1,0,0,0,0,0,0,0,0,0,0,0,112847,1,5,27,0.185185185,52850562,0,0,1,66.6,78.6,NA,0,79,0,0.019900498,NA,0
KARNATAKA ,2002,0,1,0,0,0,0,0,0,0,0,0,0,0,120889,1,7,27,0.259259259,52850562,0,0,1,66.6,78.6,NA,0,79,0,0.019900498,1,2
KARNATAKA ,2003,0,1,0,0,0,0,0,0,0,0,0,0,0,130990,1,12,27,0.444444444,52850562,0,0,1,66.6,78.6,NA,0,79,0,0.019900498,NA,0
KARNATAKA ,2004,0,0,0,0,0,0,0,0,0,0,0,0,0,166747,1,10,27,0.37037037,52850562,0,1,1,66.6,78.6,NA,0,79,0,0.019900498,NA,0
KARNATAKA ,2005,2,1,0,0,0,0,0,0,0,0,0,0,0,195904,1,8,27,0.296296296,52850562,1,1,1,66.6,77.9,92.2,0,78,0,0.019900498,2,1
KARNATAKA ,2006,0,2,0,0,0,0,0,0,0,0,0,1,0,227237,1,13,27,0.481481481,52850562,1,0,0,66.6,77.9,NA,0,78,0,0.019900498,NA,0
KARNATAKA ,2007,0,0,0,0,0,0,0,0,0,0,0,1,0,270629,1,10,27,0.37037037,52850562,1,0,0,66.6,77.9,NA,0,78,0,0.019900498,1,2
KARNATAKA ,2008,2,1,0,0,0,0,0,0,0,0,0,1,1,310312,1,13,27,0.481481481,52850562,1,0,0,66.6,77.9,NA,0,78,0,0.019900498,10,1
KARNATAKA ,2009,0,1,0,0,0,0,0,0,0,0,0,1,1,337559,1,6,27,0.222222222,52850562,1,0,0,66.6,77.9,NA,0,78,0,0.019900498,2,10
KARNATAKA ,2010,1,0,0,0,0,0,0,0,0,0,0,1,1,410703,1,23,27,0.851851852,52850562,1,0,0,66.6,77.9,NA,0,78,0,0.019900498,2,2
KARNATAKA ,2011,0,0,0,0,0,0,0,0,0,0,0,1,1,455212,1,5,27,0.185185185,52850562,1,0,0,75.4,77.9,NA,0,78,0,0.019900498,NA,0
KARNATAKA ,2012,1,0,1,1,1,1,1,1,1,1,act,1,1,519109,1,5,27,0.185185185,52850562,1,0,0,75.4,77.9,NA,0,78,1,0.048521017,3,2
KARNATAKA ,2013,0,0,1,1,1,1,1,1,1,0,act,1,1,582754,1,5,27,0.185185185,52850562,1,1,1,75.4,77.9,NA,0,78,1,0.048521017,5,3
KARNATAKA ,2014,0,2,1,1,1,1,1,1,1,0,act,1,1,913923,1,12,27,0.444444444,52850562,1,0,1,75.4,77.9,NA,0,78,1,0.048521017,4,5
KARNATAKA ,2015,0,2,1,1,1,1,1,1,1,0,act,1,1,1045168,1,6,27,0.222222222,52850562,1,0,1,75.4,91,95,0,91,1,0.048521017,5,4
KARNATAKA ,2016,0,1,1,1,1,1,1,1,1,0,act,1,1,1209136,1,14,27,0.518518519,NA,1,0,1,75.4,91,95,0,91,1,0.048521017,8,5
KERALA ,2001,0,0,0,0,0,0,0,0,0,0,0,0,0,77924,1,26,17,1.529411765,31841374,1,0,1,90.9,88.5,NA,0,89,0,0.035900405,NA,0
KERALA ,2002,0,0,0,0,0,0,0,0,0,0,0,0,0,86895,1,15,17,0.882352941,31841374,1,0,1,90.9,88.5,NA,0,89,0,0.035900405,1,1
KERALA ,2003,0,1,0,0,0,0,0,0,0,0,0,0,0,96698,1,16,17,0.941176471,31841374,1,0,1,90.9,88.5,NA,0,89,0,0.035900405,2,1
KERALA ,2004,0,2,0,0,0,0,0,0,0,0,0,0,0,119264,1,19,17,1.117647059,31841374,1,1,1,90.9,88.5,NA,0,89,0,0.035900405,1,2
KERALA ,2005,0,3,0,0,0,0,0,0,0,0,0,0,0,136842,1,15,17,0.882352941,31841374,1,1,1,90.9,90.5,98.3,0,91,0,0.035900405,NA,0
KERALA ,2006,0,1,0,0,0,0,0,0,0,0,0,1,0,153785,1,NA,17,NA,31841374,1,0,0,90.9,90.5,NA,0,91,0,0.035900405,NA,0
KERALA ,2007,0,0,1,1,1,1,1,1,1,1,act,1,0,175141,1,13,17,0.764705882,31841374,1,0,0,90.9,90.5,NA,1,91,1,0.035900405,NA,0
KERALA ,2008,0,0,1,1,1,1,1,1,1,0,act,1,1,202783,1,11,17,0.647058824,31841374,1,0,0,90.9,90.5,NA,1,91,1,0.035900405,NA,0
KERALA ,2009,0,0,1,1,1,1,1,1,1,0,act,1,1,231999,1,14,17,0.823529412,31841374,1,0,0,90.9,90.5,NA,1,91,1,0.035900405,5,1
KERALA ,2010,0,1,1,1,1,1,1,1,1,0,act,1,1,263773,1,6,17,0.352941176,31841374,1,0,0,90.9,90.5,NA,1,91,1,0.035900405,4,5
KERALA ,2011,0,0,1,1,1,1,1,1,1,0,act,1,1,312677,1,0,17,0,31841374,1,1,1,94,90.5,NA,1,91,1,0.035900405,1,4
KERALA ,2012,0,0,1,1,1,1,1,1,1,0,act,1,1,347841,1,0,17,0,31841374,1,1,1,94,90.5,NA,1,91,1,0.019820972,8,1
KERALA ,2013,6,0,1,1,1,1,1,1,1,0,act,1,1,396282,1,9,17,0.529411765,31841374,1,1,1,94,90.5,NA,1,91,1,0.019820972,4,8
KERALA ,2014,1,2,1,1,1,1,1,1,1,0,act,1,1,512564,1,11,17,0.647058824,31841374,1,0,1,94,90.5,NA,1,91,1,0.019820972,8,4
KERALA ,2015,0,0,1,1,1,1,1,1,1,0,act,1,1,561994,1,5,17,0.294117647,31841374,1,0,1,94,97,99,1,97,1,0.019820972,20,8
KERALA ,2016,0,2,1,1,1,1,1,1,1,0,act,1,1,634871,1,6,17,0.352941176,NA,1,0,0,94,97,99,1,97,1,0.019820972,22,20
MADHYA PRADESH,2001,3,2,0,0,0,0,0,0,0,0,0,0,0,86745,1,22,45,0.488888889,60348023,1,0,1,63.7,54.8,NA,0,55,0,0.006069261,2,1
MADHYA PRADESH,2002,1,0,0,0,0,0,0,0,0,0,0,0,0,86832,1,21,45,0.466666667,60348023,1,0,1,63.7,54.8,NA,0,55,0,0.006069261,NA,0
MADHYA PRADESH,2003,1,1,0,0,0,0,0,0,0,0,0,0,0,102839,1,23,48,0.479166667,60348023,1,1,0,63.7,54.8,NA,0,55,0,0.006069261,1,2
MADHYA PRADESH,2004,0,1,0,0,0,0,0,0,0,0,0,0,0,112927,1,29,48,0.604166667,60348023,1,0,0,63.7,54.8,NA,0,55,0,0.006069261,NA,0
MADHYA PRADESH,2005,0,1,0,0,0,0,0,0,0,0,0,0,0,124276,1,28,48,0.583333333,60348023,1,0,0,63.7,53.1,69.2,0,53,0,0.006069261,NA,0
MADHYA PRADESH,2006,1,1,0,0,0,0,0,0,0,0,0,1,0,144577,1,49,48,1.020833333,60348023,1,0,0,63.7,53.1,NA,0,53,0,0.006069261,NA,0
MADHYA PRADESH,2007,3,8,0,1,1,0,1,0,0,0,0,1,0,161479,1,28,48,0.583333333,60348023,1,0,0,63.7,53.1,NA,0,53,0,0.006069261,NA,0
MADHYA PRADESH,2008,0,4,0,1,1,0,1,0,0,0,0,1,1,197276,1,21,48,0.4375,60348023,1,0,0,63.7,53.1,NA,0,53,0,0.006069261,NA,0
MADHYA PRADESH,2009,1,9,0,1,1,0,1,0,0,0,0,1,1,227557,1,37,48,0.770833333,60348023,1,0,0,63.7,53.1,NA,0,53,0,0.006069261,1,1
MADHYA PRADESH,2010,0,2,0,1,1,0,1,1,0,0,go,1,1,263396,1,10,48,0.208333333,60348023,1,0,0,63.7,53.1,NA,0,53,0,0.006069261,2,1
MADHYA PRADESH,2011,4,4,1,1,1,0,1,1,0,0,go,1,1,305158,1,9,48,0.1875,60348023,1,0,0,69.3,53.1,NA,0,53,0,0.006069261,NA,0
MADHYA PRADESH,2012,3,1,1,1,1,1,1,1,0,0,go,1,1,361270,1,11,48,0.229166667,60348023,1,0,0,69.3,53.1,NA,0,53,0,0.004803074,5,2
MADHYA PRADESH,2013,0,5,1,1,1,1,1,1,0,0,go,1,1,434730,1,36,48,0.75,60348023,1,0,0,69.3,53.1,NA,0,53,0,0.004803074,2,5
MADHYA PRADESH,2014,1,2,1,1,1,1,1,1,0,0,go,1,1,479939,1,24,48,0.5,60348023,1,1,0,69.3,53.1,NA,0,53,0,0.004803074,4,2
MADHYA PRADESH,2015,3,4,1,1,1,1,1,1,0,0,go,1,1,541189,1,19,48,0.395833333,60348023,1,1,0,69.3,69,79,0,69,0,0.004803074,6,4
MADHYA PRADESH,2016,6,5,1,1,1,1,1,1,0,0,go,1,1,648849,1,28,48,0.583333333,NA,1,1,0,69.3,69,79,0,69,0,0.004803074,15,6
MAHARASHTRA,2001,5,9,0,0,0,0,0,0,0,0,0,0,0,273188,1,12,33,0.363636364,96878627,1,0,1,76.9,70.4,NA,0,70,0,0.0259375,1,2
MAHARASHTRA,2002,6,11,0,0,0,0,0,0,0,0,0,0,0,299479,1,12,33,0.363636364,96878627,1,0,1,76.9,70.4,NA,0,70,0,0.0259375,3,1
MAHARASHTRA,2003,9,18,0,0,0,0,0,0,0,0,0,0,0,340600,1,7,33,0.212121212,96878627,1,0,1,76.9,70.4,NA,0,70,0,0.0259375,5,3
MAHARASHTRA,2004,8,13,0,0,0,0,0,0,0,0,0,0,0,415480,1,11,33,0.333333333,96878627,1,1,1,76.9,70.4,NA,0,70,0,0.0259375,1,5
MAHARASHTRA,2005,9,8,0,0,0,0,0,0,0,0,0,0,0,486766,1,40,33,1.212121212,96878627,1,1,1,76.9,76.4,89.5,0,76,0,0.0259375,1,1
MAHARASHTRA,2006,9,9,0,0,0,0,0,0,0,0,0,1,0,584498,1,NA,33,NA,96878627,1,1,1,76.9,76.4,NA,0,76,0,0.0259375,4,1
MAHARASHTRA,2007,18,8,0,0,0,0,0,0,0,0,0,1,0,684817,1,NA,33,NA,96878627,1,1,1,76.9,76.4,NA,0,76,0,0.0259375,NA,0
MAHARASHTRA,2008,10,21,0,0,0,0,0,0,0,0,0,1,1,753969,1,NA,33,NA,96878627,1,1,1,76.9,76.4,NA,0,76,0,0.0259375,13,4
MAHARASHTRA,2009,0,18,0,0,0,0,0,0,0,0,0,1,1,855751,1,9,33,0.272727273,96878627,1,1,1,76.9,76.4,NA,0,76,0,0.0259375,13,13
MAHARASHTRA,2010,5,18,0,0,0,0,0,0,0,0,0,1,1,1049150,1,15,33,0.454545455,96878627,1,1,1,76.9,76.4,NA,0,76,0,0.0259375,22,13
MAHARASHTRA,2011,3,32,0,0,0,0,0,0,0,0,0,1,1,1175419,1,25,33,0.757575758,96878627,1,1,1,82.3,76.4,NA,0,76,0,0.0259375,35,22
MAHARASHTRA,2012,4,20,0,0,0,0,0,0,0,0,0,1,1,1323768,1,37,33,1.121212121,96878627,1,1,1,82.3,76.4,NA,0,76,0,0.020290733,30,35
MAHARASHTRA,2013,1,34,0,0,0,0,0,0,0,0,0,1,1,1476233,1,0,33,0,96878627,1,1,1,82.3,76.4,NA,0,76,0,0.020290733,15,30
MAHARASHTRA,2014,4,17,1,1,1,0,1,1,1,1,act,1,1,1779138,1,28,33,0.848484848,96878627,1,1,0,82.3,76.4,NA,0,76,0,0.020290733,23,15
MAHARASHTRA,2015,5,14,1,1,1,1,1,1,1,0,act,1,1,1966147,1,26,33,0.787878788,96878627,1,1,0,82.3,85,92,0,85,0,0.020290733,32,23
MAHARASHTRA,2016,4,12,1,1,1,1,1,1,1,0,act,1,1,2188532,1,6,33,0.181818182,NA,1,1,0,82.3,85,92,0,85,0,0.020290733,19,32
MANIPUR ,2001,0,0,0,0,0,0,0,0,0,0,0,0,0,3369,1,8,9,0.888888889,2166788,0,0,0,70.5,83.8,NA,0,84,0,0.295238095,2,6
MANIPUR ,2002,0,0,0,0,0,0,0,0,0,0,0,0,0,3506,1,9,9,1,2166788,0,0,1,70.5,83.8,NA,0,84,0,0.295238095,8,2
MANIPUR ,2003,0,0,0,0,0,0,0,0,0,0,0,0,0,3979,1,5,9,0.555555556,2166788,1,0,1,70.5,83.8,NA,0,84,0,0.295238095,7,8
MANIPUR ,2004,0,1,0,0,0,0,0,0,0,0,0,0,0,5133,1,5,9,0.555555556,2166788,1,1,1,70.5,83.8,NA,0,84,0,0.295238095,1,7
MANIPUR ,2005,0,0,0,0,0,0,0,0,0,0,0,0,0,5718,1,7,9,0.777777778,2166788,1,1,1,70.5,91,95.6,0,91,0,0.295238095,1,1
MANIPUR ,2006,0,0,0,1,1,0,1,0,0,0,0,1,0,6137,1,5,9,0.555555556,2166788,1,1,1,70.5,91,NA,0,91,0,0.295238095,4,1
MANIPUR ,2007,0,0,1,1,1,0,1,1,1,1,go,1,0,6783,1,1,9,0.111111111,2166788,1,1,1,70.5,91,NA,0,91,0,0.295238095,10,4
MANIPUR ,2008,0,0,1,1,1,0,1,1,1,0,go,1,1,7399,1,1,9,0.111111111,2166788,1,1,1,70.5,91,NA,0,91,0,0.295238095,89,10
MANIPUR ,2009,0,0,1,1,1,0,1,1,1,0,go,1,1,8254,1,9,9,1,2166788,1,1,1,70.5,91,NA,0,91,0,0.295238095,73,89
MANIPUR ,2010,0,0,1,1,1,0,1,1,1,0,go,1,1,9137,1,0,9,0,2166788,1,1,1,70.5,91,NA,0,91,0,0.295238095,56,73
MANIPUR ,2011,0,0,1,1,1,0,1,1,1,0,go,1,1,11084,1,0,9,0,2166788,1,1,1,79.2,91,NA,0,91,0,0.295238095,75,56
MANIPUR ,2012,0,0,1,1,1,0,1,1,1,0,go,1,1,12697,1,0,9,0,2166788,1,1,1,79.2,91,NA,0,91,0,0.022727273,131,75
MANIPUR ,2013,0,1,1,1,1,0,1,1,1,0,go,1,1,14324,1,0,9,0,2166788,1,1,1,79.2,91,NA,0,91,0,0.022727273,116,131
MANIPUR ,2014,1,0,1,1,1,0,1,1,1,0,go,1,1,18129,1,1,9,0.111111111,2166788,1,0,1,79.2,91,NA,0,91,0,0.022727273,120,116
MANIPUR ,2015,0,0,1,1,1,0,1,1,1,0,go,1,1,19531,1,1,9,0.111111111,2166788,1,0,1,79.2,83,91,0,83,0,0.022727273,115,120
MANIPUR ,2016,0,0,1,1,1,0,1,1,1,0,go,1,1,21294,1,2,9,0.222222222,NA,1,0,1,79.2,83,91,0,83,0,0.022727273,127,115
MEGHALAYA ,2001,0,0,0,0,0,0,0,0,0,0,0,0,0,4478,1,4,7,0.571428571,2318822,0,0,0,62.6,62.7,NA,0,63,0,0.01242236,2,1
MEGHALAYA ,2002,0,0,0,0,0,0,0,0,0,0,0,0,0,4763,1,5,7,0.714285714,2318822,0,0,0,62.6,62.7,NA,0,63,0,0.01242236,1,2
MEGHALAYA ,2003,1,0,0,0,0,0,0,0,0,0,0,0,0,5280,1,7,7,1,2318822,0,0,1,62.6,62.7,NA,0,63,0,0.01242236,NA,0
MEGHALAYA ,2004,0,0,0,0,0,0,0,0,0,0,0,0,0,6559,1,NA,7,NA,2318822,0,1,1,62.6,62.7,NA,0,63,0,0.01242236,NA,0
MEGHALAYA ,2005,1,0,0,0,0,0,0,0,0,0,0,0,0,7265,1,2,7,0.285714286,2318822,0,1,1,62.6,59.9,67.8,0,60,0,0.01242236,NA,0
MEGHALAYA ,2006,0,0,0,0,0,0,0,0,0,0,0,1,0,8625,1,0,7,0,2318822,0,1,1,62.6,59.9,NA,0,60,0,0.01242236,NA,0
MEGHALAYA ,2007,2,0,0,0,0,0,0,0,0,0,0,1,0,9735,1,1,7,0.142857143,2318822,0,1,1,62.6,59.9,NA,0,60,0,0.01242236,NA,0
MEGHALAYA ,2008,1,0,0,0,0,0,0,0,0,0,0,1,1,11617,1,2,7,0.285714286,2318822,0,0,0,62.6,59.9,NA,0,60,0,0.01242236,1,1
MEGHALAYA ,2009,0,1,0,0,0,0,0,0,0,0,0,1,1,12709,1,3,7,0.428571429,2318822,0,1,1,62.6,59.9,NA,0,60,0,0.01242236,2,1
MEGHALAYA ,2010,0,0,0,0,0,0,0,0,0,0,0,1,1,14583,1,2,7,0.285714286,2318822,0,1,1,62.6,59.9,NA,0,60,0,0.01242236,6,2
MEGHALAYA ,2011,0,0,1,1,1,1,1,0,1,1,act,1,1,17199,1,0,7,0,2318822,0,1,1,74.4,59.9,NA,1,60,0,0.01242236,21,6
MEGHALAYA ,2012,0,0,1,1,1,1,1,0,1,0,act,1,1,19009,1,4,7,0.571428571,2318822,0,1,1,74.4,59.9,NA,1,60,0,0.01242236,42,21
MEGHALAYA ,2013,2,0,1,1,1,1,1,0,1,0,act,1,1,21922,1,3,7,0.428571429,2318822,1,1,1,74.4,59.9,NA,1,60,0,0,48,42
MEGHALAYA ,2014,2,0,1,1,1,1,1,0,1,0,act,1,1,23235,1,5,7,0.714285714,2318822,1,0,1,74.4,59.9,NA,1,60,0,0,50,48
MEGHALAYA ,2015,1,0,1,1,1,1,1,0,1,0,act,1,1,25117,1,1,7,0.142857143,2318822,1,0,1,74.4,76,82,1,76,0,0,53,50
MEGHALAYA ,2016,0,0,1,1,1,1,1,0,1,0,act,1,1,27439,1,0,7,0,NA,1,0,1,74.4,76,82,1,76,0,0,31,53
MIZORAM ,2001,2,4,0,0,0,0,0,0,0,0,0,0,0,1947,1,6,8,0.75,888573,0,0,0,88.8,83.1,NA,0,83,0,0.971428571,NA,0
MIZORAM ,2002,1,0,0,0,0,0,0,0,0,0,0,0,0,2166,1,6,8,0.75,888573,0,0,0,88.8,83.1,NA,0,83,0,0.971428571,NA,0
MIZORAM ,2003,2,2,0,0,0,0,0,0,0,0,0,0,0,2325,1,8,8,1,888573,0,0,0,88.8,83.1,NA,0,83,0,0.971428571,NA,0
MIZORAM ,2004,0,0,0,0,0,0,0,0,0,0,0,0,0,2682,1,0,8,0,888573,0,0,0,88.8,83.1,NA,0,83,0,0.971428571,NA,0
MIZORAM ,2005,0,0,0,0,0,0,0,0,0,0,0,0,0,2971,1,0,8,0,888573,0,0,0,88.8,87.4,91.8,0,87,0,0.971428571,NA,0
MIZORAM ,2006,0,0,0,0,0,0,0,0,0,0,0,1,0,3290,1,0,8,0,888573,0,0,0,88.8,87.4,NA,0,87,0,0.971428571,NA,0
MIZORAM ,2007,1,0,0,0,0,0,0,0,0,0,0,1,0,3816,1,NA,8,NA,888573,0,0,0,88.8,87.4,NA,0,87,0,0.971428571,NA,0
MIZORAM ,2008,0,1,0,0,0,0,0,0,0,0,0,1,1,4577,1,0,8,0,888573,0,1,1,88.8,87.4,NA,0,87,0,0.971428571,NA,0
MIZORAM ,2009,0,1,0,0,0,0,0,0,0,0,0,1,1,5260,1,0,8,0,888573,0,1,1,88.8,87.4,NA,0,87,0,0.971428571,NA,0
MIZORAM ,2010,0,0,0,0,0,0,0,0,0,0,0,1,1,6388,1,0,8,0,888573,0,1,1,88.8,87.4,NA,0,87,0,0.971428571,NA,0
MIZORAM ,2011,0,1,1,1,1,1,1,1,1,1,act,1,1,6890,1,0,8,0,888573,0,1,1,91.3,87.4,NA,1,87,0,0.971428571,1,1
MIZORAM ,2012,0,0,1,1,1,1,1,1,1,0,act,1,1,8363,1,0,8,0,888573,0,1,1,91.3,87.4,NA,1,87,0,0.384615385,2,1
MIZORAM ,2013,0,1,1,1,1,1,1,1,1,0,act,1,1,10297,1,0,8,0,888573,0,1,1,91.3,87.4,NA,1,87,0,0.384615385,2,2
MIZORAM ,2014,0,0,1,1,1,1,1,1,1,0,act,1,1,13509,1,0,8,0,888573,0,0,1,91.3,87.4,NA,1,87,0,0.384615385,6,2
MIZORAM ,2015,0,0,1,1,1,1,1,1,1,0,act,1,1,15139,1,0,8,0,888573,0,0,1,91.3,92,96,1,92,0,0.384615385,3,6
MIZORAM ,2016,1,2,1,1,1,1,1,1,1,0,act,1,1,17192,1,0,8,0,NA,0,0,1,91.3,92,96,1,92,0,0.384615385,NA,0
NAGALAND ,2001,0,0,0,0,0,0,0,0,0,0,0,0,0,3972,1,0,8,0,1990036,0,0,1,66.6,64.3,NA,0,64,0,0.038461538,1,1
NAGALAND ,2002,0,0,0,0,0,0,0,0,0,0,0,0,0,4467,1,0,8,0,1990036,0,0,1,66.6,64.3,NA,0,64,0,0.038461538,1,1
NAGALAND ,2003,0,0,0,0,0,0,0,0,0,0,0,0,0,4812,1,0,11,0,1990036,0,0,0,66.6,64.3,NA,0,64,0,0.038461538,NA,0
NAGALAND ,2004,0,0,0,0,0,0,0,0,0,0,0,0,0,5839,1,4,11,0.363636364,1990036,0,0,0,66.6,64.3,NA,0,64,0,0.038461538,1,1
NAGALAND ,2005,0,0,0,0,0,0,0,0,0,0,0,0,0,6588,1,7,11,0.636363636,1990036,0,0,0,66.6,62.7,75.6,0,63,0,0.038461538,1,1
NAGALAND ,2006,0,0,0,0,0,0,0,0,0,0,0,1,0,7257,1,0,11,0,1990036,0,0,0,66.6,62.7,NA,0,63,0,0.038461538,NA,0
NAGALAND ,2007,0,3,1,1,1,1,1,0,1,1,go,1,0,8075,1,3,11,0.272727273,1990036,0,0,0,66.6,62.7,NA,0,63,0,0.038461538,1,1
NAGALAND ,2008,0,0,1,1,1,1,1,0,1,0,go,1,1,9436,1,4,11,0.363636364,1990036,0,0,0,66.6,62.7,NA,0,63,0,0.038461538,26,1
NAGALAND ,2009,0,0,1,1,1,1,1,0,1,0,go,1,1,10527,1,14,11,1.272727273,1990036,0,0,0,66.6,62.7,NA,0,63,0,0.038461538,6,26
NAGALAND ,2010,1,1,1,1,1,1,1,0,1,0,go,1,1,11759,1,6,11,0.545454545,1990036,0,0,0,66.6,62.7,NA,0,63,0,0.038461538,1,6
NAGALAND ,2011,0,0,1,1,1,1,1,0,1,0,go,1,1,13859,1,3,11,0.272727273,1990036,0,0,0,79.6,62.7,NA,0,63,0,0.038461538,5,1
NAGALAND ,2012,0,0,1,1,1,1,1,0,1,0,go,1,1,15676,1,3,11,0.272727273,1990036,0,0,0,79.6,62.7,NA,0,63,0,0.072727273,1,5
NAGALAND ,2013,0,0,1,1,1,1,1,0,1,0,go,1,1,17749,1,0,11,0,1990036,0,0,0,79.6,62.7,NA,0,63,0,0.072727273,8,1
NAGALAND ,2014,0,0,1,1,1,1,1,0,1,0,go,1,1,18401,1,0,11,0,1990036,0,0,0,79.6,62.7,NA,0,63,0,0.072727273,4,8
NAGALAND ,2015,0,0,1,1,1,1,1,0,1,0,go,1,1,19524,1,0,11,0,1990036,0,0,0,79.6,66,74,0,66,0,0.072727273,24,4
NAGALAND ,2016,1,1,1,1,1,1,1,0,1,0,go,1,1,21722,1,1,11,0.090909091,NA,0,0,0,79.6,66,74,0,66,0,0.072727273,6,24
ORISSA ,2001,0,1,0,0,0,0,0,0,0,0,0,0,0,46756,1,16,32,0.5,36804660,1,0,0,63.1,44.3,NA,0,44,0,0.008240427,4,1
ORISSA ,2002,0,0,0,0,0,0,0,0,0,0,0,0,0,49713,1,12,32,0.375,36804660,1,0,0,63.1,44.3,NA,0,44,0,0.008240427,2,4
ORISSA ,2003,0,1,0,0,0,0,0,0,0,0,0,0,0,61008,1,13,32,0.40625,36804660,1,0,0,63.1,44.3,NA,0,44,0,0.008240427,1,2
ORISSA ,2004,0,0,0,0,0,0,0,0,0,0,0,0,0,77729,1,5,32,0.15625,36804660,1,0,0,63.1,44.3,NA,0,44,0,0.008240427,1,1
ORISSA ,2005,0,2,0,0,0,0,0,0,0,0,0,0,0,85096,1,12,32,0.375,36804660,1,0,0,63.1,61.2,75.2,0,61,0,0.008240427,2,1
ORISSA ,2006,0,0,0,0,0,0,0,0,0,0,0,1,0,101839,1,7,32,0.21875,36804660,1,0,0,63.1,61.2,NA,0,61,0,0.008240427,NA,0
ORISSA ,2007,0,0,0,1,1,1,1,0,1,1,go,1,0,129274,1,12,32,0.375,36804660,1,0,0,63.1,61.2,NA,0,61,0,0.008240427,2,2
ORISSA ,2008,0,1,0,1,1,1,1,0,1,0,go,1,1,148491,1,19,32,0.59375,36804660,1,0,0,63.1,61.2,NA,0,61,0,0.008240427,28,2
ORISSA ,2009,0,2,0,1,1,1,1,0,1,0,go,1,1,162946,1,13,32,0.40625,36804660,1,0,0,63.1,61.2,NA,0,61,0,0.008240427,72,28
ORISSA ,2010,1,0,0,1,1,1,1,0,1,0,go,1,1,197530,1,8,32,0.25,36804660,1,0,0,63.1,61.2,NA,0,61,0,0.008240427,86,72
ORISSA ,2011,0,1,0,1,1,1,1,0,1,0,go,1,1,220589,1,13,32,0.40625,36804660,1,0,0,72.9,61.2,NA,0,61,0,0.008240427,64,86
ORISSA ,2012,3,0,0,1,1,1,1,0,1,0,go,1,1,251220,1,9,32,0.28125,36804660,1,0,0,72.9,61.2,NA,0,61,0,0.011667477,92,64
ORISSA ,2013,0,1,0,1,1,1,1,0,1,0,go,1,1,272980,1,5,32,0.15625,36804660,1,0,0,72.9,61.2,NA,0,61,0,0.011667477,47,92
ORISSA ,2014,0,1,0,1,1,1,1,0,1,0,go,1,1,314250,1,9,32,0.28125,36804660,1,0,0,72.9,61.2,NA,0,61,0,0.011667477,67,47
ORISSA ,2015,0,3,0,1,1,1,1,0,1,0,go,1,1,328550,1,5,32,0.15625,36804660,1,0,0,72.9,75,81,0,75,0,0.011667477,48,67
ORISSA ,2016,0,0,0,1,1,1,1,0,1,0,go,1,1,393808,1,11,32,0.34375,NA,1,0,0,72.9,75,81,0,75,0,0.011667477,60,48
PUNJAB ,2001,1,3,0,0,0,0,0,0,0,0,0,0,0,79611,0,12,23,0.52173913,24358999,1,1,0,69.7,82,NA,0,82,0,0.003787879,NA,0
PUNJAB ,2002,0,1,0,0,0,0,0,0,0,0,0,0,0,82249,0,26,23,1.130434783,24358999,1,0,1,69.7,82,NA,0,82,0,0.003787879,3,5
PUNJAB ,2003,3,0,0,0,0,0,0,0,0,0,0,0,0,90089,0,26,23,1.130434783,24358999,1,0,1,69.7,82,NA,0,82,0,0.003787879,NA,0
PUNJAB ,2004,2,0,0,0,0,0,0,0,0,0,0,0,0,96839,0,27,3,9,24358999,1,1,1,69.7,82,NA,0,82,0,0.003787879,NA,0
PUNJAB ,2005,0,1,0,0,0,0,0,0,0,0,0,0,0,108637,0,11,3,3.666666667,24358999,1,1,1,69.7,84.3,90.5,0,84,0,0.003787879,NA,0
PUNJAB ,2006,0,0,0,0,0,0,0,0,0,0,0,1,0,127123,0,27,3,9,24358999,1,1,1,69.7,84.3,NA,0,84,0,0.003787879,NA,0
PUNJAB ,2007,0,0,0,0,0,0,0,0,0,0,0,1,0,152245,0,33,3,11,24358999,1,0,0,69.7,84.3,NA,0,84,0,0.003787879,1,3
PUNJAB ,2008,0,2,1,1,1,1,1,1,1,1,act,1,1,174039,0,15,3,5,24358999,1,0,0,69.7,84.3,NA,0,84,0,0.003787879,NA,0
PUNJAB ,2009,0,4,1,1,1,1,1,1,1,0,act,1,1,197500,0,18,3,6,24358999,1,0,0,69.7,84.3,NA,0,84,0,0.003787879,3,1
PUNJAB ,2010,0,2,1,1,1,1,1,1,1,0,act,1,1,226204,0,16,3,5.333333333,24358999,1,0,0,69.7,84.3,NA,0,84,0,0.003787879,2,3
PUNJAB ,2011,0,5,1,1,1,1,1,1,1,0,act,1,1,256374,0,21,3,7,24358999,1,0,0,75.8,84.3,NA,0,84,0,0.003787879,NA,0
PUNJAB ,2012,1,2,1,1,1,1,1,1,1,0,act,1,1,285165,0,32,3,10.66666667,24358999,1,0,0,75.8,84.3,NA,0,84,0,0.004112808,NA,0
PUNJAB ,2013,0,1,1,1,1,1,1,1,1,0,act,1,1,317054,0,26,3,8.666666667,24358999,1,0,0,75.8,84.3,NA,0,84,0,0.004112808,NA,0
PUNJAB ,2014,0,1,1,1,1,1,1,1,1,0,act,1,1,355102,0,31,3,10.33333333,24358999,1,1,0,75.8,84.3,NA,0,84,0,0.004112808,2,2
PUNJAB ,2015,0,3,1,1,1,1,1,1,1,0,act,1,1,390087,0,20,3,6.666666667,24358999,1,1,0,75.8,95,94,0,95,0,0.004112808,11,2
PUNJAB ,2016,0,4,1,1,1,1,1,1,1,0,act,1,1,426988,0,33,3,11,NA,1,1,0,75.8,95,94,0,95,0,0.004112808,14,11
RAJASTHAN ,2001,1,2,0,0,0,0,0,0,0,0,0,0,0,91771,1,50,36,1.388888889,56507188,1,0,1,60.4,36.9,NA,0,37,0,0.014907333,NA,0
RAJASTHAN ,2002,3,4,0,0,0,0,0,0,0,0,0,0,0,88550,1,23,36,0.638888889,56507188,1,0,1,60.4,36.9,NA,0,37,0,0.014907333,NA,0
RAJASTHAN ,2003,0,6,0,0,0,0,0,0,0,0,0,0,0,111606,1,46,36,1.277777778,56507188,1,1,0,60.4,36.9,NA,0,37,0,0.014907333,NA,0
RAJASTHAN ,2004,0,0,0,0,0,0,0,0,0,0,0,0,0,127746,1,72,36,2,56507188,1,0,0,60.4,36.9,NA,0,37,0,0.014907333,NA,0
RAJASTHAN ,2005,1,4,0,0,0,0,0,0,0,0,0,0,0,142236,1,0,36,0,56507188,1,0,0,60.4,46.9,73.6,0,47,0,0.014907333,NA,0
RAJASTHAN ,2006,2,2,0,0,0,0,0,0,0,0,0,1,0,171043,1,0,36,0,56507188,1,0,0,60.4,46.9,NA,0,47,0,0.014907333,NA,0
RAJASTHAN ,2007,0,2,1,1,1,1,1,1,1,1,act,1,0,194822,1,0,36,0,56507188,1,0,0,60.4,46.9,NA,0,47,0,0.014907333,1,3
RAJASTHAN ,2008,1,3,1,1,1,1,1,1,1,0,act,1,1,230949,1,0,36,0,56507188,1,1,1,60.4,46.9,NA,0,47,0,0.014907333,2,1
RAJASTHAN ,2009,1,2,1,1,1,1,1,1,1,0,act,1,1,265825,1,0,36,0,56507188,1,1,1,60.4,46.9,NA,0,47,0,0.014907333,NA,0
RAJASTHAN ,2010,1,0,1,1,1,1,1,1,1,0,act,1,1,338348,1,0,36,0,56507188,1,1,1,60.4,46.9,NA,0,47,0,0.014907333,NA,0
RAJASTHAN ,2011,1,1,1,1,1,1,1,1,1,0,act,1,1,414179,1,13,36,0.361111111,56507188,1,1,1,66.1,46.9,NA,0,47,0,0.014907333,1,2
RAJASTHAN ,2012,0,1,1,1,1,1,1,1,1,0,act,1,1,470178,1,17,36,0.472222222,56507188,1,1,1,66.1,46.9,NA,0,47,0,0.004811251,1,1
RAJASTHAN ,2013,0,1,1,1,1,1,1,1,1,0,act,1,1,517615,1,55,36,1.527777778,56507188,1,0,0,66.1,46.9,NA,0,47,0,0.004811251,1,1
RAJASTHAN ,2014,0,2,1,1,1,1,1,1,1,0,act,1,1,615642,1,27,36,0.75,56507188,1,1,0,66.1,46.9,NA,0,47,0,0.004811251,NA,0
RAJASTHAN ,2015,2,1,1,1,1,1,1,1,1,0,act,1,1,681485,1,32,36,0.888888889,56507188,1,1,0,66.1,68,79,0,68,0,0.004811251,1,1
RAJASTHAN ,2016,1,2,1,1,1,1,1,1,1,0,act,1,1,758809,1,36,36,1,NA,1,1,0,66.1,68,79,0,68,0,0.004811251,1,1
SIKKIM ,2001,0,0,0,0,0,0,0,0,0,0,0,0,0,1136,1,2,4,0.5,540851,0,0,0,68.8,78.5,NA,0,79,0,0.39047619,NA,0
SIKKIM ,2002,0,0,0,0,0,0,0,0,0,0,0,0,0,1276,1,1,4,0.25,540851,0,0,0,68.8,78.5,NA,0,79,0,0.39047619,NA,0
SIKKIM ,2003,0,0,0,0,0,0,0,0,0,0,0,0,0,1430,1,2,4,0.5,540851,0,0,0,68.8,78.5,NA,0,79,0,0.39047619,NA,0
SIKKIM ,2004,0,0,0,0,0,0,0,0,0,0,0,0,0,1739,1,1,4,0.25,540851,0,0,0,68.8,78.5,NA,0,79,0,0.39047619,NA,0
SIKKIM ,2005,0,0,0,0,0,0,0,0,0,0,0,0,0,1993,1,NA,4,NA,540851,0,0,0,68.8,74,79,0,74,0,0.39047619,NA,0
SIKKIM ,2006,0,0,0,0,0,0,0,0,0,0,0,1,0,2161,1,2,4,0.5,540851,0,0,0,68.8,74,NA,0,74,0,0.39047619,NA,0
SIKKIM ,2007,1,0,0,0,0,0,0,0,0,0,0,1,0,2506,1,2,4,0.5,540851,0,0,0,68.8,74,NA,0,74,0,0.39047619,NA,0
SIKKIM ,2008,0,0,1,1,1,1,1,0,1,1,act,1,1,3229,1,0,4,0,540851,1,0,0,68.8,74,NA,1,74,1,0.39047619,NA,0
SIKKIM ,2009,0,0,1,1,1,1,1,0,1,0,act,1,1,6133,1,0,4,0,540851,1,0,0,68.8,74,NA,1,74,1,0.39047619,NA,0
SIKKIM ,2010,0,0,1,1,1,1,1,0,1,0,act,1,1,7412,1,0,4,0,540851,1,0,0,68.8,74,NA,1,74,1,0.39047619,NA,0
SIKKIM ,2011,0,0,1,1,1,1,1,0,1,0,act,1,1,8907,1,0,4,0,540851,1,0,0,81.4,74,NA,1,74,1,0.39047619,NA,0
SIKKIM ,2012,0,0,1,1,1,1,1,0,1,0,act,1,1,10473,1,0,4,0,540851,1,0,0,81.4,74,NA,1,74,1,0.037383178,NA,0
SIKKIM ,2013,0,0,1,1,1,1,1,0,1,0,act,1,1,12377,1,0,4,0,540851,1,0,0,81.4,74,NA,1,74,1,0.037383178,NA,0
SIKKIM ,2014,0,0,1,1,1,1,1,0,1,0,act,1,1,15407,1,0,4,0,540851,1,0,0,81.4,74,NA,1,74,1,0.037383178,NA,0
SIKKIM ,2015,0,0,1,1,1,1,1,0,1,0,act,1,1,18034,1,0,4,0,540851,1,0,0,81.4,94,90,1,94,1,0.037383178,NA,0
SIKKIM ,2016,0,0,1,1,1,1,1,0,1,0,act,1,1,20687,1,0,4,0,NA,1,0,0,81.4,94,90,1,94,1,0.037383178,NA,0
TAMIL NADU ,2001,0,5,0,0,0,0,0,0,0,0,0,0,0,148861,1,26,30,0.866666667,62405679,1,0,0,73.5,79.7,NA,0,80,0,0.019065777,NA,0
TAMIL NADU ,2002,0,6,0,0,0,0,0,0,0,0,0,0,0,158155,1,18,30,0.6,62405679,1,0,0,73.5,79.7,NA,0,80,0,0.019065777,NA,0
TAMIL NADU ,2003,0,4,0,0,0,0,0,0,0,0,0,0,0,175371,1,19,30,0.633333333,62405679,1,0,0,73.5,79.7,NA,0,80,0,0.019065777,NA,0
TAMIL NADU ,2004,0,7,0,0,0,0,0,0,0,0,0,0,0,219003,1,21,30,0.7,62405679,1,1,1,73.5,79.7,NA,0,80,0,0.019065777,NA,0
TAMIL NADU ,2005,0,3,0,0,0,0,0,0,0,0,0,0,0,257833,1,13,30,0.433333333,62405679,1,1,1,73.5,88.8,81.5,0,89,0,0.019065777,NA,0
TAMIL NADU ,2006,2,4,0,0,0,0,0,0,0,0,0,1,0,310526,1,NA,30,NA,62405679,1,1,1,73.5,88.8,NA,0,89,0,0.019065777,NA,0
TAMIL NADU ,2007,2,0,0,0,0,0,0,0,0,0,0,1,0,350819,1,86,30,2.866666667,62405679,1,1,1,73.5,88.8,NA,0,89,0,0.019065777,1,2
TAMIL NADU ,2008,0,1,0,0,0,0,0,0,0,0,0,1,1,401336,1,55,30,1.833333333,62405679,1,1,1,73.5,88.8,NA,0,89,0,0.019065777,1,1
TAMIL NADU ,2009,0,5,0,0,0,0,0,0,0,0,0,1,1,479733,1,29,30,0.966666667,62405679,1,1,1,73.5,88.8,NA,0,89,0,0.019065777,5,1
TAMIL NADU ,2010,1,1,0,0,0,0,0,0,0,0,0,1,1,584896,1,57,30,1.9,62405679,1,1,1,73.5,88.8,NA,0,89,0,0.019065777,1,5
TAMIL NADU ,2011,0,6,0,0,0,0,0,0,0,0,0,1,1,667202,1,124,30,4.133333333,62405679,1,0,0,80.1,88.8,NA,0,89,0,0.019065777,3,1
TAMIL NADU ,2012,0,7,0,0,0,0,0,0,0,0,0,1,1,744859,1,27,30,0.9,62405679,1,0,0,80.1,88.8,NA,0,89,0,0.006063669,12,3
TAMIL NADU ,2013,0,15,1,1,1,1,1,1,1,1,act,1,1,854238,1,36,30,1.2,62405679,1,0,0,80.1,88.8,NA,0,89,0,0.006063669,15,12
TAMIL NADU ,2014,0,7,1,1,1,1,1,1,1,0,act,1,1,1072678,1,21,30,0.7,62405679,1,0,0,80.1,88.8,NA,0,89,0,0.006063669,17,15
TAMIL NADU ,2015,0,3,1,1,1,1,1,1,1,0,act,1,1,1176500,1,18,30,0.6,62405679,1,0,0,80.1,95,95,0,95,0,0.006063669,14,17
TAMIL NADU ,2016,2,3,1,1,1,1,1,1,1,0,act,1,1,1302639,1,33,30,1.1,NA,1,0,0,80.1,95,95,0,95,0,0.006063669,29,14
TELANGANA,2014,2,2,0,0,0,0,0,0,0,0,0,0,0,505849,1,1,10,0.1,NA,0,0,0,NA,91,NA,0,91,0,NA,NA,0
TELANGANA,2015,0,4,0,0,0,0,0,0,0,0,0,0,0,577902,1,5,10,0.5,NA,0,0,0,NA,91,96,0,91,0,NA,9,0
TELANGANA,2016,0,0,0,0,0,0,0,0,0,0,0,1,1,659033,1,0,10,0,NA,0,0,0,NA,91,96,0,91,0,NA,7,9
TRIPURA ,2001,0,0,0,0,0,0,0,0,0,0,0,0,0,6370,1,2,4,0.5,3199203,0,0,0,73.2,74.3,NA,0,74,0,0.021929825,7,21
TRIPURA ,2002,0,1,0,0,0,0,0,0,0,0,0,0,0,6733,1,1,4,0.25,3199203,0,0,0,73.2,74.3,NA,0,74,0,0.021929825,2,7
TRIPURA ,2003,0,0,0,0,0,0,0,0,0,0,0,0,0,7551,1,4,4,1,3199203,0,0,0,73.2,74.3,NA,0,74,0,0.021929825,10,2
TRIPURA ,2004,0,0,0,0,0,0,0,0,0,0,0,0,0,8904,1,3,4,0.75,3199203,0,0,0,73.2,74.3,NA,0,74,0,0.021929825,1,10
TRIPURA ,2005,0,2,0,0,0,0,0,0,0,0,0,0,0,9826,1,0,4,0,3199203,0,0,0,73.2,74.3,94.9,0,74,0,0.021929825,1,1
TRIPURA ,2006,0,1,0,0,0,0,0,0,0,0,0,1,0,10914,1,0,4,0,3199203,0,0,0,73.2,74.3,NA,0,74,0,0.021929825,2,1
TRIPURA ,2007,0,0,0,0,0,0,0,0,0,0,0,1,0,11797,1,0,4,0,3199203,0,0,0,73.2,74.3,NA,0,74,0,0.021929825,NA,0
TRIPURA ,2008,0,0,0,0,0,0,0,0,0,0,0,1,1,13573,1,4,4,1,3199203,0,0,0,73.2,74.3,NA,0,74,0,0.021929825,7,2
TRIPURA ,2009,0,0,1,1,1,1,1,0,1,1,act,1,1,15403,1,0,4,0,3199203,0,0,0,73.2,74.3,NA,1,74,0,0.021929825,6,7
TRIPURA ,2010,1,0,1,1,1,1,1,0,1,0,act,1,1,17868,1,0,4,0,3199203,0,0,0,73.2,74.3,NA,1,74,0,0.021929825,2,6
TRIPURA ,2011,0,0,1,1,1,1,1,0,1,0,act,1,1,19974,1,0,4,0,3199203,0,0,0,87.2,74.3,NA,1,74,0,0.021929825,7,2
TRIPURA ,2012,0,0,1,1,1,1,1,0,1,0,act,1,1,22697,1,4,4,1,3199203,0,0,0,87.2,74.3,NA,1,74,0,0.00456621,4,7
TRIPURA ,2013,0,0,1,1,1,1,1,0,1,0,act,1,1,26810,1,0,4,0,3199203,0,0,0,87.2,74.3,NA,1,74,0,0.00456621,3,4
TRIPURA ,2014,0,0,1,1,1,1,1,0,1,0,act,1,1,29533,1,2,4,0.5,3199203,0,0,0,87.2,74.3,NA,1,74,0,0.00456621,8,3
TRIPURA ,2015,0,1,1,1,1,1,1,0,1,0,act,1,1,35938,1,3,4,0.75,3199203,1,0,0,87.2,84,86,1,84,0,0.00456621,1,8
TRIPURA ,2016,0,0,1,1,1,1,1,0,1,0,act,1,1,39612,1,2,4,0.5,NA,1,0,0,87.2,84,86,1,84,0,0.00456621,NA,0
UTTAR PRADESH ,2001,0,1,0,0,0,0,0,0,0,0,0,0,0,190269,1,52,59,0.881355932,8489349,0,1,0,56.3,45.3,NA,0,45,0,0.002849815,3,1
UTTAR PRADESH ,2002,6,3,0,0,0,0,0,0,0,0,0,0,0,206855,1,95,50,1.9,8489349,1,0,0,56.3,45.3,NA,0,45,0,0.002849815,NA,0
UTTAR PRADESH ,2003,5,2,0,0,0,0,0,0,0,0,0,0,0,226972,1,123,49,2.510204082,8489349,1,0,0,56.3,45.3,NA,0,45,0,0.002849815,NA,0
UTTAR PRADESH ,2004,0,4,0,0,0,0,0,0,0,0,0,0,0,260841,1,138,45,3.066666667,8489349,1,0,0,56.3,45.3,NA,0,45,0,0.002849815,NA,0
UTTAR PRADESH ,2005,0,8,0,0,0,0,0,0,0,0,0,0,0,293172,1,75,45,1.666666667,8489349,1,0,0,56.3,52.5,76.9,0,53,0,0.002849815,3,3
UTTAR PRADESH ,2006,0,6,0,0,0,0,0,0,0,0,0,1,0,336317,1,291,45,6.466666667,8489349,1,0,0,56.3,52.5,NA,0,53,0,0.002849815,2,3
UTTAR PRADESH ,2007,0,11,0,0,0,0,0,0,0,0,0,1,0,383026,1,364,45,8.088888889,8489349,1,0,0,56.3,52.5,NA,0,53,0,0.002849815,4,2
UTTAR PRADESH ,2008,0,5,0,0,0,0,0,0,0,0,0,1,1,444685,1,394,45,8.755555556,8489349,1,0,0,56.3,52.5,NA,0,53,0,0.002849815,3,4
UTTAR PRADESH ,2009,0,6,0,0,0,0,0,0,0,0,0,1,1,523394,1,392,45,8.711111111,8489349,1,0,0,56.3,52.5,NA,0,53,0,0.002849815,1,3
UTTAR PRADESH ,2010,0,9,1,1,1,0,1,0,0,0,0,1,1,600286,1,158,45,3.511111111,8489349,1,0,0,56.3,52.5,NA,0,53,0,0.002849815,4,1
UTTAR PRADESH ,2011,0,9,1,1,1,0,1,0,0,0,0,1,1,685496,1,NA,45,NA,8489349,1,0,0,67.7,52.5,NA,0,53,0,0.002849815,2,4
UTTAR PRADESH ,2012,0,12,1,1,1,0,1,0,0,0,0,1,1,780399,1,101,45,2.244444444,8489349,1,0,0,67.7,52.5,NA,0,53,0,0.003924647,7,2
UTTAR PRADESH ,2013,1,14,1,1,1,0,1,0,0,0,0,1,1,862746,1,186,45,4.133333333,8489349,1,0,0,67.7,52.5,NA,0,53,0,0.003924647,15,7
UTTAR PRADESH ,2014,0,8,1,1,1,0,1,0,0,0,0,1,1,1011790,1,183,45,4.066666667,8489349,1,0,0,67.7,52.5,NA,0,53,0,0.003924647,5,15
UTTAR PRADESH ,2015,1,8,1,1,1,0,1,0,0,0,0,1,1,1137210,1,182,45,4.044444444,8489349,1,0,0,67.7,56,73,0,56,0,0.003924647,23,5
UTTAR PRADESH ,2016,0,9,1,1,1,0,1,0,0,0,0,1,1,1248374,1,26,45,0.577777778,NA,1,0,0,67.7,56,73,0,56,0,0.003924647,14,23
UTTARAKHAND ,2001,0,0,0,0,0,0,0,0,0,0,0,0,0,15826,1,12,13,0.923076923,166197921,0,1,0,71.6,73.2,NA,0,73,0,0.006550218,1,1
UTTARAKHAND ,2002,0,0,0,0,0,0,0,0,0,0,0,0,0,18473,1,13,13,1,166197921,0,0,1,71.6,73.2,NA,0,73,0,0.006550218,NA,0
UTTARAKHAND ,2003,0,0,0,0,0,0,0,0,0,0,0,0,0,20439,1,7,13,0.538461538,166197921,0,0,1,71.6,73.2,NA,0,73,0,0.006550218,NA,0
UTTARAKHAND ,2004,0,0,0,0,0,0,0,0,0,0,0,0,0,24786,1,0,13,0,166197921,0,1,1,71.6,73.2,NA,0,73,0,0.006550218,NA,0
UTTARAKHAND ,2005,0,0,0,0,0,0,0,0,0,0,0,0,0,29968,1,0,13,0,166197921,0,1,1,71.6,73.2,83.4,0,73,0,0.006550218,NA,0
UTTARAKHAND ,2006,1,0,0,0,0,0,0,0,0,0,0,1,0,36795,1,1,13,0.076923077,166197921,0,1,1,71.6,73.2,NA,0,73,0,0.006550218,NA,0
UTTARAKHAND ,2007,0,0,0,0,0,0,0,0,0,0,0,1,0,45856,1,11,13,0.846153846,166197921,0,0,0,71.6,73.2,NA,0,73,0,0.006550218,NA,0
UTTARAKHAND ,2008,0,0,1,1,1,1,1,0,1,1,act,1,1,56025,1,10,13,0.769230769,166197921,0,0,0,71.6,73.2,NA,0,73,0,0.006550218,NA,0
UTTARAKHAND ,2009,0,0,1,1,1,1,1,0,1,0,act,1,1,70730,1,2,13,0.153846154,166197921,0,0,0,71.6,73.2,NA,0,73,0,0.006550218,1,1
UTTARAKHAND ,2010,0,0,1,1,1,1,1,0,1,0,act,1,1,83969,1,3,13,0.230769231,166197921,0,0,0,71.6,73.2,NA,0,73,0,0.006550218,NA,0
UTTARAKHAND ,2011,1,0,1,1,1,1,1,0,1,0,act,1,1,97858,1,14,13,1.076923077,166197921,0,0,0,78.8,73.2,NA,0,73,0,0.006550218,NA,0
UTTARAKHAND ,2012,0,0,1,1,1,1,1,0,1,0,act,1,1,108250,1,9,13,0.692307692,166197921,0,1,1,78.8,73.2,NA,0,73,0,0,NA,0
UTTARAKHAND ,2013,0,0,1,1,1,1,1,0,1,0,act,1,1,122897,1,8,13,0.615384615,166197921,1,1,1,78.8,73.2,NA,0,73,0,0,NA,0
UTTARAKHAND ,2014,0,0,1,1,1,1,1,0,1,0,act,1,1,161439,1,13,13,1,166197921,1,0,1,78.8,73.2,NA,0,73,0,0,1,1
UTTARAKHAND ,2015,0,0,1,1,1,1,1,0,1,0,act,1,1,177163,1,15,13,1.153846154,166197921,1,0,1,78.8,85,93,0,85,0,0,NA,0
UTTARAKHAND ,2016,0,0,1,1,1,1,1,0,1,0,act,1,1,195125,1,16,13,1.230769231,NA,1,0,1,78.8,85,93,0,85,0,0,NA,0
WEST BENGAL ,2001,6,9,0,0,0,0,0,0,0,0,0,0,0,157144,1,6,18,0.333333333,80176197,1,0,0,68.6,61.4,NA,0,61,0,0.006321113,1,2
WEST BENGAL ,2002,0,15,0,0,0,0,0,0,0,0,0,0,0,168000,1,4,18,0.222222222,80176197,1,0,0,68.6,61.4,NA,0,61,0,0.006321113,3,1
WEST BENGAL ,2003,3,10,0,0,0,0,0,0,0,0,0,0,0,189259,1,10,18,0.555555556,80176197,1,0,0,68.6,61.4,NA,0,61,0,0.006321113,1,3
WEST BENGAL ,2004,4,8,0,0,0,0,0,0,0,0,0,0,0,208656,1,5,18,0.277777778,80176197,1,0,0,68.6,61.4,NA,0,61,0,0.006321113,2,1
WEST BENGAL ,2005,1,6,0,0,0,0,0,0,0,0,0,0,0,230245,1,7,18,0.388888889,80176197,1,0,0,68.6,64,77.7,0,64,0,0.006321113,NA,0
WEST BENGAL ,2006,4,4,0,0,0,0,0,0,0,0,0,1,0,261682,1,7,18,0.388888889,80176197,1,0,0,68.6,64,NA,0,64,0,0.006321113,4,2
WEST BENGAL ,2007,2,8,0,1,1,0,1,0,0,0,0,1,0,299483,1,2,18,0.111111111,80176197,1,0,0,68.6,64,NA,0,64,0,0.006321113,5,4
WEST BENGAL ,2008,0,0,0,1,1,1,1,0,0,0,0,1,1,341942,1,8,18,0.444444444,80176197,1,0,0,68.6,64,NA,0,64,0,0.006321113,18,5
WEST BENGAL ,2009,4,2,0,1,1,1,1,0,0,0,0,1,1,398880,1,12,18,0.666666667,80176197,1,0,0,68.6,64,NA,0,64,0,0.006321113,114,18
WEST BENGAL ,2010,1,2,1,1,1,1,1,0,1,1,go,1,1,460959,1,3,18,0.166666667,80176197,1,1,1,68.6,64,NA,0,64,0,0.006321113,154,114
WEST BENGAL ,2011,0,1,1,1,1,1,1,0,1,0,go,1,1,528316,1,8,18,0.444444444,80176197,1,1,1,76.3,64,NA,0,64,0,0.006321113,46,154
WEST BENGAL ,2012,0,1,1,1,1,1,1,0,1,0,go,1,1,603311,1,5,18,0.277777778,80176197,1,1,1,76.3,64,NA,0,64,0,0.001644737,11,46
WEST BENGAL ,2013,0,6,1,1,1,1,1,0,1,0,go,1,1,706561,1,7,18,0.388888889,80176197,1,0,0,76.3,64,NA,0,64,0,0.001644737,29,11
WEST BENGAL ,2014,1,3,1,1,1,1,1,0,1,0,go,1,1,718082,1,18,18,1,80176197,1,0,0,76.3,64,NA,0,64,0,0.001644737,21,29
WEST BENGAL ,2015,2,1,1,1,1,1,1,0,1,0,go,1,1,797300,1,17,18,0.944444444,80176197,1,0,0,76.3,78,88,0,78,0,0.001644737,30,21
WEST BENGAL ,2016,1,2,1,1,1,1,1,0,1,0,go,1,1,872527,1,12,18,0.666666667,NA,1,0,0,76.3,78,88,0,78,0,0.001644737,28,30
Z A & N ISLANDS,2001,0,0,0,0,0,0,0,0,0,0,0,0,0,1082,1,1,2,0.5,356152,0,1,0,81.3,NA,NA,0,NA,0,NA,NA,0
Z A & N ISLANDS,2002,0,0,0,0,0,0,0,0,0,0,0,0,0,1228,1,3,2,1.5,356152,0,1,0,81.3,NA,NA,0,NA,0,NA,NA,0
Z A & N ISLANDS,2003,0,0,0,0,0,0,0,0,0,0,0,0,0,1392,1,2,2,1,356152,0,1,0,81.3,NA,NA,0,NA,0,NA,NA,0
Z A & N ISLANDS,2004,0,0,0,0,0,0,0,0,0,0,0,0,0,1813,1,0,2,0,356152,0,1,1,81.3,NA,NA,0,NA,0,NA,NA,0
Z A & N ISLANDS,2005,0,0,0,0,0,0,0,0,0,0,0,0,0,2044,1,0,2,0,356152,0,1,1,81.3,NA,NA,0,NA,0,NA,NA,0
Z A & N ISLANDS,2006,0,0,0,0,0,0,0,0,0,0,0,1,0,2538,1,0,2,0,356152,0,1,1,81.3,NA,NA,0,NA,0,NA,NA,0
Z A & N ISLANDS,2007,0,0,0,0,1,0,1,0,0,0,0,1,0,2990,1,0,2,0,356152,0,1,1,81.3,NA,NA,0,NA,0,NA,NA,0
Z A & N ISLANDS,2008,0,0,0,0,1,0,1,0,0,0,0,1,1,3480,1,0,2,0,356152,0,1,1,81.3,NA,NA,0,NA,0,NA,NA,0
Z A & N ISLANDS,2009,0,0,0,0,1,0,1,0,0,0,0,1,1,4120,1,0,2,0,356152,0,1,1,81.3,NA,NA,0,NA,0,NA,NA,0
Z A & N ISLANDS,2010,0,0,0,0,1,0,1,0,1,1,go,1,1,4343,1,0,2,0,356152,0,1,1,81.3,NA,NA,0,NA,0,NA,NA,0
Z A & N ISLANDS,2011,0,0,1,0,1,0,1,0,1,0,go,1,1,4994,1,0,2,0,356152,0,1,1,86.6,NA,NA,0,NA,0,NA,NA,0
Z A & N ISLANDS,2012,0,0,1,0,1,0,1,0,1,0,go,1,1,5633,1,0,2,0,356152,0,1,1,86.6,NA,NA,0,NA,0,NA,NA,0
Z A & N ISLANDS,2013,0,0,1,0,1,0,1,0,1,0,go,1,1,6150,1,0,2,0,356152,0,1,1,86.6,NA,NA,0,NA,0,NA,NA,0
Z A & N ISLANDS,2014,0,0,1,0,1,0,1,0,1,0,go,1,1,5477,1,0,2,0,356152,0,1,0,86.6,NA,NA,0,NA,0,NA,NA,0
Z A & N ISLANDS,2015,0,0,1,0,1,0,1,0,1,0,go,1,1,6032,1,0,2,0,356152,0,1,0,86.6,NA,NA,0,NA,0,NA,NA,0
Z A & N ISLANDS,2016,0,0,1,0,1,0,1,0,1,0,go,1,1,6836,1,0,2,0,NA,0,1,0,86.6,NA,NA,0,NA,0,NA,NA,0
Z CHANDIGARH ,2001,0,0,0,0,0,0,0,0,0,0,0,0,0,5490,1,0,1,0,900635,0,1,0,81.9,NA,NA,0,NA,0,0,NA,0
Z CHANDIGARH ,2002,0,0,0,0,0,0,0,0,0,0,0,0,0,6453,1,0,1,0,900635,0,1,0,81.9,NA,NA,0,NA,0,0,NA,0
Z CHANDIGARH ,2003,0,0,0,0,0,0,0,0,0,0,0,0,0,7419,1,0,1,0,900635,0,1,0,81.9,NA,NA,0,NA,0,0,NA,0
Z CHANDIGARH ,2004,0,0,0,0,0,0,0,0,0,0,0,0,0,8504,1,NA,1,NA,900635,0,1,1,81.9,NA,NA,0,NA,0,0,NA,0
Z CHANDIGARH ,2005,0,0,0,0,0,0,0,0,0,0,0,0,0,10185,1,0,1,0,900635,0,1,1,81.9,NA,NA,0,NA,0,0,NA,0
Z CHANDIGARH ,2006,0,0,0,0,0,0,0,0,0,0,0,1,0,12276,1,0,1,0,900635,0,1,1,81.9,NA,NA,0,NA,0,0,NA,0
Z CHANDIGARH ,2007,0,1,0,0,1,0,1,0,0,0,0,1,0,13669,1,0,1,0,900635,0,1,1,81.9,NA,NA,0,NA,0,0,NA,0
Z CHANDIGARH ,2008,0,1,0,0,1,0,1,0,0,0,0,1,1,15334,1,0,1,0,900635,0,1,1,81.9,NA,NA,0,NA,0,0,NA,0
Z CHANDIGARH ,2009,0,1,0,0,1,0,1,0,0,0,0,1,1,17577,1,0,1,0,900635,0,1,1,81.9,NA,NA,0,NA,0,0,NA,0
Z CHANDIGARH ,2010,0,0,0,0,1,0,1,0,1,1,go,1,1,20014,1,0,1,0,900635,0,1,1,81.9,NA,NA,0,NA,0,0,NA,0
Z CHANDIGARH ,2011,0,0,1,0,1,0,1,0,1,0,go,1,1,22826,1,0,1,0,900635,0,1,1,86,NA,NA,0,NA,0,0,NA,0
Z CHANDIGARH ,2012,0,0,1,0,1,0,1,0,1,0,go,1,1,25046,1,0,1,0,900635,0,1,1,86,NA,NA,0,NA,0,0,NA,0
Z CHANDIGARH ,2013,0,0,1,0,1,0,1,0,1,0,go,1,1,29076,1,0,1,0,900635,0,1,1,86,NA,NA,0,NA,0,0,NA,0
Z CHANDIGARH ,2014,0,0,1,0,1,0,1,0,1,0,go,1,1,26549,1,0,1,0,900635,0,1,0,86,NA,NA,0,NA,0,0,1,1
Z CHANDIGARH ,2015,0,0,1,0,1,0,1,0,1,0,go,1,1,29280,1,0,1,0,900635,0,1,0,86,NA,NA,0,NA,0,0,NA,0
Z CHANDIGARH ,2016,0,0,1,0,1,0,1,0,1,0,go,1,1,32741,1,0,1,0,NA,0,1,0,86,NA,NA,0,NA,0,0,NA,0
Z D & N HAVELI,2001,0,0,0,0,0,0,0,0,0,0,0,0,0,NA,1,0,0,0,220490,0,1,0,60,NA,NA,0,NA,0,0,NA,0
Z D & N HAVELI,2002,0,0,0,0,0,0,0,0,0,0,0,0,0,NA,1,0,0,0,220490,0,1,0,60,NA,NA,0,NA,0,0,NA,0
Z D & N HAVELI,2003,0,0,0,0,0,0,0,0,0,0,0,0,0,NA,1,0,0,0,220490,0,1,0,60,NA,NA,0,NA,0,0,NA,0
Z D & N HAVELI,2004,0,0,0,0,0,0,0,0,0,0,0,0,0,NA,1,1,0,1,220490,0,1,1,60,NA,NA,0,NA,0,0,NA,0
Z D & N HAVELI,2005,0,0,0,0,0,0,0,0,0,0,0,0,0,NA,1,1,0,1,220490,0,1,1,60,NA,NA,0,NA,0,0,NA,0
Z D & N HAVELI,2006,0,0,0,0,0,0,0,0,0,0,0,1,0,NA,1,0,0,0,220490,0,1,1,60,NA,NA,0,NA,0,0,NA,0
Z D & N HAVELI,2007,0,1,0,0,1,0,1,0,0,0,0,1,0,NA,1,0,0,0,220490,0,1,1,60,NA,NA,0,NA,0,0,NA,0
Z D & N HAVELI,2008,0,0,0,0,1,0,1,0,0,0,0,1,1,NA,1,0,0,0,220490,0,1,1,60,NA,NA,0,NA,0,0,NA,0
Z D & N HAVELI,2009,1,0,0,0,1,0,1,0,0,0,0,1,1,NA,1,0,0,0,220490,0,1,1,60,NA,NA,0,NA,0,0,NA,0
Z D & N HAVELI,2010,0,0,0,0,1,0,1,0,1,1,go,1,1,NA,1,0,0,0,220490,0,1,1,60,NA,NA,0,NA,0,0,NA,0
Z D & N HAVELI,2011,0,0,1,0,1,0,1,0,1,0,go,1,1,NA,1,0,0,0,220490,0,1,1,76.2,NA,NA,0,NA,0,0,NA,0
Z D & N HAVELI,2012,0,0,1,0,1,0,1,0,1,0,go,1,1,NA,1,0,0,0,220490,0,1,1,76.2,NA,NA,0,NA,0,0,NA,0
Z D & N HAVELI,2013,0,0,1,0,1,0,1,0,1,0,go,1,1,NA,1,0,0,0,220490,0,1,1,76.2,NA,NA,0,NA,0,0,NA,0
Z D & N HAVELI,2014,0,0,1,0,1,0,1,0,1,0,go,1,1,NA,1,0,0,0,220490,0,1,0,76.2,NA,NA,0,NA,0,0,NA,0
Z D & N HAVELI,2015,0,0,1,0,1,0,1,0,1,0,go,1,1,NA,1,0,0,0,220490,0,1,0,76.2,NA,NA,0,NA,0,0,NA,0
Z D & N HAVELI,2016,0,0,1,0,1,0,1,0,1,0,go,1,1,NA,1,0,0,0,NA,0,1,0,76.2,NA,NA,0,NA,0,0,NA,0
Z DAMAN & DIU,2001,NA,NA,0,0,0,0,0,0,0,0,0,0,0,NA,1,0,0,0,158204,0,1,0,81.1,NA,NA,0,NA,0,0,NA,0
Z DAMAN & DIU,2002,0,0,0,0,0,0,0,0,0,0,0,0,0,NA,1,0,0,0,158204,0,1,0,81.1,NA,NA,0,NA,0,0,NA,0
Z DAMAN & DIU,2003,0,0,0,0,0,0,0,0,0,0,0,0,0,NA,1,0,0,0,158204,0,1,0,81.1,NA,NA,0,NA,0,0,NA,0
Z DAMAN & DIU,2004,0,0,0,0,0,0,0,0,0,0,0,0,0,NA,1,0,0,0,158204,0,1,1,81.1,NA,NA,0,NA,0,0,NA,0
Z DAMAN & DIU,2005,0,0,0,0,0,0,0,0,0,0,0,0,0,NA,1,0,0,0,158204,0,1,1,81.1,NA,NA,0,NA,0,0,NA,0
Z DAMAN & DIU,2006,0,0,0,0,0,0,0,0,0,0,0,1,0,NA,1,0,0,0,158204,0,1,1,81.1,NA,NA,0,NA,0,0,NA,0
Z DAMAN & DIU,2007,0,0,0,0,1,0,1,0,0,0,0,1,0,NA,1,0,0,0,158204,0,1,1,81.1,NA,NA,0,NA,0,0,NA,0
Z DAMAN & DIU,2008,0,0,0,0,1,0,1,0,0,0,0,1,1,NA,1,0,0,0,158204,0,1,1,81.1,NA,NA,0,NA,0,0,NA,0
Z DAMAN & DIU,2009,0,0,0,0,1,0,1,0,0,0,0,1,1,NA,1,0,0,0,158204,0,1,1,81.1,NA,NA,0,NA,0,0,NA,0
Z DAMAN & DIU,2010,0,0,0,0,1,0,1,0,1,1,go,1,1,NA,1,0,0,0,158204,0,1,1,81.1,NA,NA,0,NA,0,0,NA,0
Z DAMAN & DIU,2011,0,0,1,0,1,0,1,0,1,0,go,1,1,NA,1,0,0,0,158204,0,1,1,87.1,NA,NA,0,NA,0,0,NA,0
Z DAMAN & DIU,2012,0,0,1,0,1,0,1,0,1,0,go,1,1,NA,1,0,0,0,158204,0,1,1,87.1,NA,NA,0,NA,0,0.016949153,NA,0
Z DAMAN & DIU,2013,0,0,1,0,1,0,1,0,1,0,go,1,1,NA,1,0,0,0,158204,0,1,1,87.1,NA,NA,0,NA,0,0.016949153,NA,0
Z DAMAN & DIU,2014,0,0,1,0,1,0,1,0,1,0,go,1,1,NA,1,0,0,0,158204,0,1,0,87.1,NA,NA,0,NA,0,0.016949153,NA,0
Z DAMAN & DIU,2015,0,0,1,0,1,0,1,0,1,0,go,1,1,NA,1,0,0,0,158204,0,1,0,87.1,NA,NA,0,NA,0,0.016949153,NA,0
Z DAMAN & DIU,2016,0,0,1,0,1,0,1,0,1,0,go,1,1,NA,1,0,0,0,NA,0,1,0,87.1,NA,NA,0,NA,0,0.016949153,NA,0
Z DELHI ,2001,0,1,0,0,0,0,0,0,0,0,0,0,0,65027,1,7,9,0.777777778,13850507,0,1,1,81.7,92.7,NA,0,93,0,0.008333333,4,6
Z DELHI ,2002,0,0,0,0,0,0,0,0,0,0,0,0,0,71361,1,8,9,0.888888889,13850507,0,1,1,81.7,92.7,NA,0,93,0,0.008333333,2,4
Z DELHI ,2003,0,0,0,0,0,0,0,0,0,0,0,0,0,79468,1,1,9,0.111111111,13850507,0,1,1,81.7,92.7,NA,0,93,0,0.008333333,1,2
Z DELHI ,2004,0,1,0,0,0,0,0,0,0,0,0,0,0,100325,1,16,9,1.777777778,13850507,0,1,1,81.7,92.7,NA,0,93,0,0.008333333,NA,0
Z DELHI ,2005,0,0,0,0,0,0,0,0,0,0,0,0,0,115374,1,4,9,0.444444444,13850507,0,1,1,81.7,92.4,95.2,0,92,0,0.008333333,6,1
Z DELHI ,2006,0,1,0,0,0,0,0,0,0,0,0,1,0,135584,1,7,9,0.777777778,13850507,0,1,1,81.7,92.4,NA,0,92,0,0.008333333,2,6
Z DELHI ,2007,0,0,0,0,1,1,1,0,0,0,0,1,0,157947,1,5,9,0.555555556,13850507,0,1,1,81.7,92.4,NA,0,92,0,0.008333333,3,2
Z DELHI ,2008,0,0,0,0,1,1,1,0,0,0,0,1,1,189533,1,4,9,0.444444444,13850507,0,1,1,81.7,92.4,NA,0,92,0,0.008333333,9,3
Z DELHI ,2009,0,0,0,0,1,1,1,0,0,0,0,1,1,217619,1,0,9,0,13850507,0,1,1,81.7,92.4,NA,0,92,0,0.008333333,NA,0
Z DELHI ,2010,0,0,0,0,1,1,1,0,0,0,go,1,1,252753,1,0,9,0,13850507,0,1,1,81.7,92.4,NA,0,92,0,0.008333333,1,9
Z DELHI ,2011,0,0,1,0,1,1,1,0,1,1,go,1,1,296957,1,1,9,0.111111111,13850507,0,1,1,86.2,92.4,NA,0,92,0,0.008333333,2,1
Z DELHI ,2012,0,0,1,0,1,1,1,0,1,0,go,1,1,348221,1,0,9,0,13850507,0,1,1,86.2,92.4,NA,0,92,0,0.003340757,3,2
Z DELHI ,2013,0,0,1,0,1,1,1,0,1,0,go,1,1,404576,1,0,9,0,13850507,0,1,1,86.2,92.4,NA,0,92,0,0.003340757,1,3
Z DELHI ,2014,1,0,1,0,1,1,1,0,1,0,go,1,1,494803,1,0,9,0,13850507,0,1,1,86.2,92.4,NA,0,92,0,0.003340757,2,1
Z DELHI ,2015,0,1,1,0,1,1,1,0,1,0,go,1,1,550804,1,0,9,0,13850507,0,1,1,86.2,92.4,NA,0,92,0,0.003340757,1,2
Z DELHI ,2016,0,1,1,0,1,1,1,0,1,0,go,1,1,615605,1,0,9,0,NA,0,1,1,86.2,92.4,NA,0,92,0,0.003340757,5,1
Z LAKSHADWEEP ,2001,0,0,0,0,0,0,0,0,0,0,0,0,0,NA,0,0,1,0,60650,0,1,0,53.6,NA,NA,0,NA,0,NA,NA,0
Z LAKSHADWEEP ,2002,0,0,0,0,0,0,0,0,0,0,0,0,0,NA,0,0,1,0,60650,0,1,0,53.6,NA,NA,0,NA,0,NA,NA,0
Z LAKSHADWEEP ,2003,0,0,0,0,0,0,0,0,0,0,0,0,0,NA,0,0,1,0,60650,0,1,0,53.6,NA,NA,0,NA,0,NA,NA,0
Z LAKSHADWEEP ,2004,0,0,0,0,0,0,0,0,0,0,0,0,0,NA,0,0,1,0,60650,0,1,1,53.6,NA,NA,0,NA,0,NA,NA,0
Z LAKSHADWEEP ,2005,0,0,0,0,0,0,0,0,0,0,0,0,0,NA,0,0,1,0,60650,0,1,1,53.6,NA,NA,0,NA,0,NA,NA,0
Z LAKSHADWEEP ,2006,0,0,0,0,0,0,0,0,0,0,0,1,0,NA,0,0,1,0,60650,0,1,1,53.6,NA,NA,0,NA,0,NA,NA,0
Z LAKSHADWEEP ,2007,0,0,0,0,1,0,1,0,0,0,0,1,0,NA,0,0,1,0,60650,0,1,1,53.6,NA,NA,0,NA,0,NA,NA,0
Z LAKSHADWEEP ,2008,0,0,0,0,1,0,1,0,0,0,0,1,1,NA,0,0,1,0,60650,0,1,1,53.6,NA,NA,0,NA,0,NA,NA,0
Z LAKSHADWEEP ,2009,0,0,0,0,1,0,1,0,0,0,0,1,1,NA,0,0,1,0,60650,0,1,1,53.6,NA,NA,0,NA,0,NA,NA,0
Z LAKSHADWEEP ,2010,0,0,0,0,1,0,1,0,1,1,go,1,1,NA,0,0,1,0,60650,0,1,1,53.6,NA,NA,0,NA,0,NA,NA,0
Z LAKSHADWEEP ,2011,0,0,1,0,1,0,1,0,1,0,go,1,1,NA,0,0,1,0,60650,0,1,1,66.4,NA,NA,0,NA,0,NA,NA,0
Z LAKSHADWEEP ,2012,0,0,1,0,1,0,1,0,1,0,go,1,1,NA,0,0,1,0,60650,0,1,1,66.4,NA,NA,0,NA,0,NA,NA,0
Z LAKSHADWEEP ,2013,0,0,1,0,1,0,1,0,1,0,go,1,1,NA,0,0,1,0,60650,0,1,1,66.4,NA,NA,0,NA,0,NA,NA,0
Z LAKSHADWEEP ,2014,0,0,1,0,1,0,1,0,1,0,go,1,1,NA,0,0,1,0,60650,0,1,0,66.4,NA,NA,0,NA,0,NA,NA,0
Z LAKSHADWEEP ,2015,0,0,1,0,1,0,1,0,1,0,go,1,1,NA,0,0,1,0,60650,0,1,0,66.4,NA,NA,0,NA,0,NA,NA,0
Z LAKSHADWEEP ,2016,0,0,1,0,1,0,1,0,1,0,go,1,1,NA,0,0,1,0,NA,0,1,0,66.4,NA,NA,0,NA,0,NA,NA,0
Z PUDUCHERRY ,2001,0,0,0,0,0,0,0,0,0,0,0,0,0,4259,1,0,1,0,974345,0,1,0,81.2,NA,NA,0,NA,0,0.019047619,NA,0
Z PUDUCHERRY ,2002,0,0,0,0,0,0,0,0,0,0,0,0,0,4931,1,0,1,0,974345,0,1,0,81.2,NA,NA,0,NA,0,0.019047619,NA,0
Z PUDUCHERRY ,2003,0,0,0,0,0,0,0,0,0,0,0,0,0,5438,1,0,1,0,974345,0,1,0,81.2,NA,NA,0,NA,0,0.019047619,NA,0
Z PUDUCHERRY ,2004,0,0,0,0,0,0,0,0,0,0,0,0,0,5754,1,0,1,0,974345,0,1,1,81.2,NA,NA,0,NA,0,0.019047619,NA,0
Z PUDUCHERRY ,2005,0,0,0,0,0,0,0,0,0,0,0,0,0,7977,1,0,1,0,974345,0,1,1,81.2,NA,NA,0,NA,0,0.019047619,NA,0
Z PUDUCHERRY ,2006,0,0,0,0,0,0,0,0,0,0,0,1,0,8335,1,NA,1,NA,974345,0,1,1,81.2,NA,NA,0,NA,0,0.019047619,NA,0
Z PUDUCHERRY ,2007,0,0,0,0,1,0,1,0,0,0,0,1,0,9251,1,0,1,0,974345,0,1,1,81.2,NA,NA,0,NA,0,0.019047619,NA,0
Z PUDUCHERRY ,2008,0,0,0,0,1,0,1,0,0,0,0,1,1,10050,1,0,1,0,974345,0,1,1,81.2,NA,NA,0,NA,0,0.019047619,NA,0
Z PUDUCHERRY ,2009,0,0,0,0,1,0,1,0,0,0,0,1,1,12304,1,0,1,0,974345,0,1,1,81.2,NA,NA,0,NA,0,0.019047619,NA,0
Z PUDUCHERRY ,2010,0,0,0,0,1,0,1,0,1,1,go,1,1,13092,1,0,1,0,974345,0,1,1,81.2,NA,NA,0,NA,0,0.019047619,NA,0
Z PUDUCHERRY ,2011,0,1,1,0,1,0,1,0,1,0,go,1,1,14661,1,0,1,0,974345,0,1,1,85.8,NA,NA,0,NA,0,0.019047619,NA,0
Z PUDUCHERRY ,2012,0,0,1,0,1,0,1,0,1,0,go,1,1,16795,1,0,1,0,974345,0,1,1,85.8,NA,NA,0,NA,0,0,NA,0
Z PUDUCHERRY ,2013,0,0,1,0,1,0,1,0,1,0,go,1,1,21077,1,0,1,0,974345,0,1,1,85.8,NA,NA,0,NA,0,0,NA,0
Z PUDUCHERRY ,2014,0,0,1,0,1,0,1,0,1,0,go,1,1,22574,1,0,1,0,974345,0,1,0,85.8,NA,NA,0,NA,0,0,1,0
Z PUDUCHERRY ,2015,0,0,1,0,1,0,1,0,1,0,go,1,1,26617,1,0,1,0,974345,0,1,0,85.8,NA,NA,0,NA,0,0,NA,0
Z PUDUCHERRY ,2016,0,0,1,0,1,0,1,0,1,0,go,1,1,29573,1,0,1,0,NA,0,1,0,85.8,NA,NA,0,NA,0,0,1,1